0 verbose cli /home/psk0610/.nvm/versions/node/v22.22.3/bin/node /home/psk0610/.nvm/versions/node/v22.22.3/bin/npm
1 info using npm@10.9.8
2 info using node@v22.22.3
3 silly config load:file:/home/psk0610/.nvm/versions/node/v22.22.3/lib/node_modules/npm/npmrc
4 silly config load:file:/home/psk0610/.npmrc
5 silly config load:file:/home/psk0610/.nvm/versions/node/v22.22.3/etc/npmrc
6 verbose title npm install
7 verbose argv "install"
8 verbose logfile logs-max:10 dir:/home/psk0610/.npm/_logs/2026-05-23T05_45_47_190Z-
9 verbose logfile /home/psk0610/.npm/_logs/2026-05-23T05_45_47_190Z-debug-0.log
10 silly logfile done cleaning log files
11 silly packumentCache heap:4345298944 maxSize:1086324736 maxEntrySize:543162368
12 silly idealTree buildDeps
13 silly fetch manifest @types/node@^24.0.15
14 silly packumentCache full:https://registry.npmjs.org/@types%2fnode cache-miss
15 http fetch GET 200 https://registry.npmjs.org/@types%2fnode 280ms (cache miss)
16 silly packumentCache full:https://registry.npmjs.org/@types%2fnode set size:undefined disposed:false
17 silly fetch manifest @types/react@^19.1.8
18 silly packumentCache full:https://registry.npmjs.org/@types%2freact cache-miss
19 http fetch GET 200 https://registry.npmjs.org/@types%2freact 88ms (cache miss)
20 silly packumentCache full:https://registry.npmjs.org/@types%2freact set size:undefined disposed:false
21 silly fetch manifest @types/react-dom@^19.1.6
22 silly packumentCache full:https://registry.npmjs.org/@types%2freact-dom cache-miss
23 http fetch GET 200 https://registry.npmjs.org/@types%2freact-dom 47ms (cache miss)
24 silly packumentCache full:https://registry.npmjs.org/@types%2freact-dom set size:undefined disposed:false
25 silly fetch manifest @vitejs/plugin-react@^4.6.0
26 silly packumentCache full:https://registry.npmjs.org/@vitejs%2fplugin-react cache-miss
27 http fetch GET 200 https://registry.npmjs.org/@vitejs%2fplugin-react 297ms (cache miss)
28 silly packumentCache full:https://registry.npmjs.org/@vitejs%2fplugin-react set size:undefined disposed:false
29 silly fetch manifest vite@^7.0.4
30 silly packumentCache full:https://registry.npmjs.org/vite cache-miss
31 http fetch GET 200 https://registry.npmjs.org/vite 1231ms (cache miss)
32 silly packumentCache full:https://registry.npmjs.org/vite set size:undefined disposed:false
33 silly fetch manifest jiti@>=1.21.0
34 silly packumentCache full:https://registry.npmjs.org/jiti cache-miss
35 http fetch GET 200 https://registry.npmjs.org/jiti 41ms (cache miss)
36 silly packumentCache full:https://registry.npmjs.org/jiti set size:undefined disposed:false
37 silly fetch manifest less@^4.0.0
38 silly packumentCache full:https://registry.npmjs.org/less cache-miss
39 http fetch GET 200 https://registry.npmjs.org/less 39ms (cache miss)
40 silly packumentCache full:https://registry.npmjs.org/less set size:undefined disposed:false
41 silly fetch manifest lightningcss@^1.21.0
42 silly packumentCache full:https://registry.npmjs.org/lightningcss cache-miss
43 http fetch GET 200 https://registry.npmjs.org/lightningcss 30ms (cache miss)
44 silly packumentCache full:https://registry.npmjs.org/lightningcss set size:undefined disposed:false
45 silly fetch manifest sass@^1.89.2
46 silly packumentCache full:https://registry.npmjs.org/sass cache-miss
47 http fetch GET 200 https://registry.npmjs.org/sass 54ms (cache miss)
48 silly packumentCache full:https://registry.npmjs.org/sass set size:undefined disposed:false
49 silly fetch manifest sass-embedded@^1.70.0
50 silly packumentCache full:https://registry.npmjs.org/sass-embedded cache-miss
51 http fetch GET 200 https://registry.npmjs.org/sass-embedded 41ms (cache miss)
52 silly packumentCache full:https://registry.npmjs.org/sass-embedded set size:undefined disposed:false
53 silly fetch manifest stylus@>=0.54.8
54 silly packumentCache full:https://registry.npmjs.org/stylus cache-miss
55 http fetch GET 200 https://registry.npmjs.org/stylus 32ms (cache miss)
56 silly packumentCache full:https://registry.npmjs.org/stylus set size:undefined disposed:false
57 silly fetch manifest sugarss@^5.0.0
58 silly packumentCache full:https://registry.npmjs.org/sugarss cache-miss
59 http fetch GET 200 https://registry.npmjs.org/sugarss 26ms (cache miss)
60 silly packumentCache full:https://registry.npmjs.org/sugarss set size:undefined disposed:false
61 silly fetch manifest postcss@^8.3.3
62 silly packumentCache full:https://registry.npmjs.org/postcss cache-miss
63 http fetch GET 200 https://registry.npmjs.org/postcss 46ms (cache miss)
64 silly packumentCache full:https://registry.npmjs.org/postcss set size:undefined disposed:false
65 silly fetch manifest terser@^5.16.0
66 silly packumentCache full:https://registry.npmjs.org/terser cache-miss
67 http fetch GET 200 https://registry.npmjs.org/terser 48ms (cache miss)
68 silly packumentCache full:https://registry.npmjs.org/terser set size:undefined disposed:false
69 silly fetch manifest tsx@^4.8.1
70 silly packumentCache full:https://registry.npmjs.org/tsx cache-miss
71 http fetch GET 200 https://registry.npmjs.org/tsx 36ms (cache miss)
72 silly packumentCache full:https://registry.npmjs.org/tsx set size:undefined disposed:false
73 silly fetch manifest yaml@^2.4.2
74 silly packumentCache full:https://registry.npmjs.org/yaml cache-miss
75 http fetch GET 200 https://registry.npmjs.org/yaml 34ms (cache miss)
76 silly packumentCache full:https://registry.npmjs.org/yaml set size:undefined disposed:false
77 silly fetch manifest dayjs@^1.11.10
78 silly packumentCache full:https://registry.npmjs.org/dayjs cache-miss
79 http fetch GET 200 https://registry.npmjs.org/dayjs 38ms (cache miss)
80 silly packumentCache full:https://registry.npmjs.org/dayjs set size:undefined disposed:false
81 silly fetch manifest react@^19.2.1
82 silly packumentCache full:https://registry.npmjs.org/react cache-miss
83 http fetch GET 200 https://registry.npmjs.org/react 180ms (cache miss)
84 silly packumentCache full:https://registry.npmjs.org/react set size:undefined disposed:false
85 silly fetch manifest react-dom@^19.2.1
86 silly packumentCache full:https://registry.npmjs.org/react-dom cache-miss
87 http fetch GET 200 https://registry.npmjs.org/react-dom 303ms (cache miss)
88 silly packumentCache full:https://registry.npmjs.org/react-dom set size:undefined disposed:false
89 silly fetch manifest typescript@^4.4.2
90 silly packumentCache full:https://registry.npmjs.org/typescript cache-miss
91 http fetch GET 200 https://registry.npmjs.org/typescript 235ms (cache miss)
92 silly packumentCache full:https://registry.npmjs.org/typescript set size:undefined disposed:false
93 silly fetch manifest vite-plugin-html@^3.2.2
94 silly packumentCache full:https://registry.npmjs.org/vite-plugin-html cache-miss
95 http fetch GET 200 https://registry.npmjs.org/vite-plugin-html 205ms (cache miss)
96 silly packumentCache full:https://registry.npmjs.org/vite-plugin-html set size:undefined disposed:false
97 silly fetch manifest vite-plugin-svgr@^4.5.0
98 silly packumentCache full:https://registry.npmjs.org/vite-plugin-svgr cache-miss
99 http fetch GET 200 https://registry.npmjs.org/vite-plugin-svgr 201ms (cache miss)
100 silly packumentCache full:https://registry.npmjs.org/vite-plugin-svgr set size:undefined disposed:false
101 silly fetch manifest @eslint/js@^9.30.1
102 silly packumentCache full:https://registry.npmjs.org/@eslint%2fjs cache-miss
103 http fetch GET 200 https://registry.npmjs.org/@eslint%2fjs 41ms (cache miss)
104 silly packumentCache full:https://registry.npmjs.org/@eslint%2fjs set size:undefined disposed:false
105 silly fetch manifest @types/eslint@^8
106 silly packumentCache full:https://registry.npmjs.org/@types%2feslint cache-miss
107 http fetch GET 200 https://registry.npmjs.org/@types%2feslint 45ms (cache miss)
108 silly packumentCache full:https://registry.npmjs.org/@types%2feslint set size:undefined disposed:false
109 silly fetch manifest eslint@^9.30.1
110 silly packumentCache full:https://registry.npmjs.org/eslint cache-miss
111 http fetch GET 200 https://registry.npmjs.org/eslint 68ms (cache miss)
112 silly packumentCache full:https://registry.npmjs.org/eslint set size:undefined disposed:false
113 silly fetch manifest jiti@*
114 silly packumentCache full:https://registry.npmjs.org/jiti cache-miss
115 http cache https://registry.npmjs.org/jiti 12ms (cache hit)
116 silly packumentCache full:https://registry.npmjs.org/jiti set size:387989 disposed:false
117 silly fetch manifest eslint-plugin-react-hooks@^5.2.0
118 silly packumentCache full:https://registry.npmjs.org/eslint-plugin-react-hooks cache-miss
119 http fetch GET 200 https://registry.npmjs.org/eslint-plugin-react-hooks 176ms (cache miss)
120 silly packumentCache full:https://registry.npmjs.org/eslint-plugin-react-hooks set size:undefined disposed:false
121 silly fetch manifest eslint-plugin-react-refresh@^0.4.20
122 silly packumentCache full:https://registry.npmjs.org/eslint-plugin-react-refresh cache-miss
123 http fetch GET 200 https://registry.npmjs.org/eslint-plugin-react-refresh 31ms (cache miss)
124 silly packumentCache full:https://registry.npmjs.org/eslint-plugin-react-refresh set size:undefined disposed:false
125 silly fetch manifest prettier@^3.2.5
126 silly packumentCache full:https://registry.npmjs.org/prettier cache-miss
127 http fetch GET 200 https://registry.npmjs.org/prettier 47ms (cache miss)
128 silly packumentCache full:https://registry.npmjs.org/prettier set size:undefined disposed:false
129 silly fetch manifest typescript-eslint@^8.35.1
130 silly packumentCache full:https://registry.npmjs.org/typescript-eslint cache-miss
131 http fetch GET 200 https://registry.npmjs.org/typescript-eslint 124ms (cache miss)
132 silly packumentCache full:https://registry.npmjs.org/typescript-eslint set size:undefined disposed:false
133 silly placeDep ROOT @eslint/js@9.39.4 OK for: wedding-invitation@0.1.0 want: ^9.30.1
134 silly placeDep ROOT @types/eslint@8.56.12 OK for: wedding-invitation@0.1.0 want: ^8
135 silly placeDep ROOT @types/node@24.12.4 OK for: wedding-invitation@0.1.0 want: ^24.0.15
136 silly placeDep ROOT @types/react@19.2.15 OK for: wedding-invitation@0.1.0 want: ^19.1.8
137 silly placeDep ROOT @types/react-dom@19.2.3 OK for: wedding-invitation@0.1.0 want: ^19.1.6
138 silly placeDep ROOT @vitejs/plugin-react@4.7.0 OK for: wedding-invitation@0.1.0 want: ^4.6.0
139 silly placeDep ROOT vite@7.3.3 OK for: @vitejs/plugin-react@4.7.0 want: ^4.2.0 || ^5.0.0 || ^6.0.0 || ^7.0.0
140 silly placeDep ROOT dayjs@1.11.20 OK for: wedding-invitation@0.1.0 want: ^1.11.10
141 silly placeDep ROOT eslint@9.39.4 OK for: wedding-invitation@0.1.0 want: ^9.30.1
142 silly placeDep ROOT eslint-plugin-react-hooks@5.2.0 OK for: wedding-invitation@0.1.0 want: ^5.2.0
143 silly placeDep ROOT eslint-plugin-react-refresh@0.4.26 OK for: wedding-invitation@0.1.0 want: ^0.4.20
144 silly placeDep ROOT prettier@3.8.3 OK for: wedding-invitation@0.1.0 want: ^3.2.5
145 silly placeDep ROOT react@19.2.6 OK for: wedding-invitation@0.1.0 want: ^19.2.1
146 silly placeDep ROOT react-dom@19.2.6 OK for: wedding-invitation@0.1.0 want: ^19.2.1
147 silly placeDep ROOT sass@1.100.0 OK for: wedding-invitation@0.1.0 want: ^1.89.2
148 silly placeDep ROOT typescript@4.9.5 OK for: wedding-invitation@0.1.0 want: ^4.4.2
149 silly placeDep ROOT typescript-eslint@8.59.4 OK for: wedding-invitation@0.1.0 want: ^8.35.1
150 silly placeDep ROOT vite-plugin-html@3.2.2 OK for: wedding-invitation@0.1.0 want: ^3.2.2
151 silly placeDep ROOT vite-plugin-svgr@4.5.0 OK for: wedding-invitation@0.1.0 want: ^4.5.0
152 silly fetch manifest @types/estree@*
153 silly packumentCache full:https://registry.npmjs.org/@types%2festree cache-miss
154 silly fetch manifest @types/json-schema@*
155 silly packumentCache full:https://registry.npmjs.org/@types%2fjson-schema cache-miss
156 silly fetch manifest undici-types@~7.16.0
157 silly packumentCache full:https://registry.npmjs.org/undici-types cache-miss
158 silly fetch manifest csstype@^3.2.2
159 silly packumentCache full:https://registry.npmjs.org/csstype cache-miss
160 silly fetch manifest @babel/core@^7.28.0
161 silly packumentCache full:https://registry.npmjs.org/@babel%2fcore cache-miss
162 silly fetch manifest react-refresh@^0.17.0
163 silly packumentCache full:https://registry.npmjs.org/react-refresh cache-miss
164 silly fetch manifest @types/babel__core@^7.20.5
165 silly packumentCache full:https://registry.npmjs.org/@types%2fbabel__core cache-miss
166 http fetch GET 200 https://registry.npmjs.org/@types%2festree 53ms (cache miss)
167 silly packumentCache full:https://registry.npmjs.org/@types%2festree set size:undefined disposed:false
168 silly fetch manifest @rolldown/pluginutils@1.0.0-beta.27
169 silly packumentCache full:https://registry.npmjs.org/@rolldown%2fpluginutils cache-miss
170 http fetch GET 200 https://registry.npmjs.org/undici-types 95ms (cache miss)
171 silly packumentCache full:https://registry.npmjs.org/undici-types set size:undefined disposed:false
172 silly fetch manifest @babel/plugin-transform-react-jsx-self@^7.27.1
173 silly packumentCache full:https://registry.npmjs.org/@babel%2fplugin-transform-react-jsx-self cache-miss
174 http fetch GET 200 https://registry.npmjs.org/csstype 112ms (cache miss)
175 silly packumentCache full:https://registry.npmjs.org/csstype set size:undefined disposed:false
176 silly fetch manifest @babel/plugin-transform-react-jsx-source@^7.27.1
177 silly packumentCache full:https://registry.npmjs.org/@babel%2fplugin-transform-react-jsx-source cache-miss
178 http fetch GET 200 https://registry.npmjs.org/@types%2fbabel__core 119ms (cache miss)
179 silly packumentCache full:https://registry.npmjs.org/@types%2fbabel__core set size:undefined disposed:false
180 silly fetch manifest fdir@^6.5.0
181 silly packumentCache full:https://registry.npmjs.org/fdir cache-miss
182 http fetch GET 200 https://registry.npmjs.org/@rolldown%2fpluginutils 87ms (cache miss)
183 silly packumentCache full:https://registry.npmjs.org/@rolldown%2fpluginutils set size:undefined disposed:false
184 silly fetch manifest rollup@^4.43.0
185 silly packumentCache full:https://registry.npmjs.org/rollup cache-miss
186 http fetch GET 200 https://registry.npmjs.org/@babel%2fplugin-transform-react-jsx-self 81ms (cache miss)
187 silly packumentCache full:https://registry.npmjs.org/@babel%2fplugin-transform-react-jsx-self set size:undefined disposed:false
188 silly fetch manifest esbuild@^0.27.0
189 silly packumentCache full:https://registry.npmjs.org/esbuild cache-miss
190 http fetch GET 200 https://registry.npmjs.org/@babel%2fcore 189ms (cache miss)
191 silly packumentCache full:https://registry.npmjs.org/@babel%2fcore set size:undefined disposed:false
192 silly fetch manifest postcss@^8.5.6
193 silly packumentCache full:https://registry.npmjs.org/postcss cache-miss
194 http fetch GET 200 https://registry.npmjs.org/fdir 85ms (cache miss)
195 silly packumentCache full:https://registry.npmjs.org/fdir set size:undefined disposed:false
196 silly fetch manifest picomatch@^4.0.3
197 silly packumentCache full:https://registry.npmjs.org/picomatch cache-miss
198 http fetch GET 200 https://registry.npmjs.org/@babel%2fplugin-transform-react-jsx-source 94ms (cache miss)
199 silly packumentCache full:https://registry.npmjs.org/@babel%2fplugin-transform-react-jsx-source set size:undefined disposed:false
200 silly fetch manifest tinyglobby@^0.2.15
201 silly packumentCache full:https://registry.npmjs.org/tinyglobby cache-miss
202 http cache https://registry.npmjs.org/postcss 32ms (cache hit)
203 silly packumentCache full:https://registry.npmjs.org/postcss set size:723316 disposed:false
204 silly fetch manifest fsevents@~2.3.3
205 silly packumentCache full:https://registry.npmjs.org/fsevents cache-miss
206 http fetch GET 200 https://registry.npmjs.org/tinyglobby 60ms (cache miss)
207 silly packumentCache full:https://registry.npmjs.org/tinyglobby set size:undefined disposed:false
208 silly fetch manifest ajv@^6.14.0
209 silly packumentCache full:https://registry.npmjs.org/ajv cache-miss
210 http fetch GET 200 https://registry.npmjs.org/@types%2fjson-schema 284ms (cache miss)
211 silly packumentCache full:https://registry.npmjs.org/@types%2fjson-schema set size:undefined disposed:false
212 silly fetch manifest chalk@^4.0.0
213 silly packumentCache full:https://registry.npmjs.org/chalk cache-miss
214 http fetch GET 200 https://registry.npmjs.org/picomatch 77ms (cache miss)
215 silly packumentCache full:https://registry.npmjs.org/picomatch set size:undefined disposed:false
216 silly fetch manifest debug@^4.3.2
217 silly packumentCache full:https://registry.npmjs.org/debug cache-miss
218 http fetch GET 200 https://registry.npmjs.org/fsevents 69ms (cache miss)
219 silly packumentCache full:https://registry.npmjs.org/fsevents set size:undefined disposed:false
220 silly fetch manifest espree@^10.4.0
221 silly packumentCache full:https://registry.npmjs.org/espree cache-miss
222 http fetch GET 200 https://registry.npmjs.org/debug 61ms (cache miss)
223 silly packumentCache full:https://registry.npmjs.org/debug set size:undefined disposed:false
224 silly fetch manifest ignore@^5.2.0
225 silly packumentCache full:https://registry.npmjs.org/ignore cache-miss
226 http fetch GET 200 https://registry.npmjs.org/chalk 74ms (cache miss)
227 silly packumentCache full:https://registry.npmjs.org/chalk set size:undefined disposed:false
228 silly fetch manifest esquery@^1.5.0
229 silly packumentCache full:https://registry.npmjs.org/esquery cache-miss
230 http fetch GET 200 https://registry.npmjs.org/esbuild 180ms (cache miss)
231 silly packumentCache full:https://registry.npmjs.org/esbuild set size:undefined disposed:false
232 silly fetch manifest esutils@^2.0.2
233 silly packumentCache full:https://registry.npmjs.org/esutils cache-miss
234 http fetch GET 200 https://registry.npmjs.org/esquery 44ms (cache miss)
235 silly packumentCache full:https://registry.npmjs.org/esquery set size:undefined disposed:false
236 silly fetch manifest find-up@^5.0.0
237 silly packumentCache full:https://registry.npmjs.org/find-up cache-miss
238 http fetch GET 200 https://registry.npmjs.org/espree 101ms (cache miss)
239 silly packumentCache full:https://registry.npmjs.org/espree set size:undefined disposed:false
240 silly fetch manifest is-glob@^4.0.0
241 silly packumentCache full:https://registry.npmjs.org/is-glob cache-miss
242 http fetch GET 200 https://registry.npmjs.org/ignore 68ms (cache miss)
243 silly packumentCache full:https://registry.npmjs.org/ignore set size:undefined disposed:false
244 silly fetch manifest minimatch@^3.1.5
245 silly packumentCache full:https://registry.npmjs.org/minimatch cache-miss
246 http fetch GET 200 https://registry.npmjs.org/esutils 62ms (cache miss)
247 silly packumentCache full:https://registry.npmjs.org/esutils set size:undefined disposed:false
248 silly fetch manifest optionator@^0.9.3
249 silly packumentCache full:https://registry.npmjs.org/optionator cache-miss
250 http fetch GET 200 https://registry.npmjs.org/find-up 53ms (cache miss)
251 silly packumentCache full:https://registry.npmjs.org/find-up set size:undefined disposed:false
252 silly fetch manifest cross-spawn@^7.0.6
253 silly packumentCache full:https://registry.npmjs.org/cross-spawn cache-miss
254 http fetch GET 200 https://registry.npmjs.org/ajv 193ms (cache miss)
255 silly packumentCache full:https://registry.npmjs.org/ajv set size:undefined disposed:false
256 silly fetch manifest glob-parent@^6.0.2
257 silly packumentCache full:https://registry.npmjs.org/glob-parent cache-miss
258 http fetch GET 200 https://registry.npmjs.org/is-glob 65ms (cache miss)
259 silly packumentCache full:https://registry.npmjs.org/is-glob set size:undefined disposed:false
260 silly fetch manifest imurmurhash@^0.1.4
261 silly packumentCache full:https://registry.npmjs.org/imurmurhash cache-miss
262 http fetch GET 200 https://registry.npmjs.org/optionator 60ms (cache miss)
263 silly packumentCache full:https://registry.npmjs.org/optionator set size:undefined disposed:false
264 silly fetch manifest @eslint/core@^0.17.0
265 silly packumentCache full:https://registry.npmjs.org/@eslint%2fcore cache-miss
266 http fetch GET 200 https://registry.npmjs.org/cross-spawn 55ms (cache miss)
267 silly packumentCache full:https://registry.npmjs.org/cross-spawn set size:undefined disposed:false
268 silly fetch manifest eslint-scope@^8.4.0
269 silly packumentCache full:https://registry.npmjs.org/eslint-scope cache-miss
270 http fetch GET 200 https://registry.npmjs.org/minimatch 96ms (cache miss)
271 silly packumentCache full:https://registry.npmjs.org/minimatch set size:undefined disposed:false
272 silly fetch manifest lodash.merge@^4.6.2
273 silly packumentCache full:https://registry.npmjs.org/lodash.merge cache-miss
274 http fetch GET 200 https://registry.npmjs.org/imurmurhash 60ms (cache miss)
275 silly packumentCache full:https://registry.npmjs.org/imurmurhash set size:undefined disposed:false
276 silly fetch manifest @humanfs/node@^0.16.6
277 silly packumentCache full:https://registry.npmjs.org/@humanfs%2fnode cache-miss
278 http fetch GET 200 https://registry.npmjs.org/@eslint%2fcore 54ms (cache miss)
279 silly packumentCache full:https://registry.npmjs.org/@eslint%2fcore set size:undefined disposed:false
280 silly fetch manifest @types/estree@^1.0.6
281 silly packumentCache full:https://registry.npmjs.org/@types%2festree cache-miss
282 http fetch GET 200 https://registry.npmjs.org/eslint-scope 49ms (cache miss)
283 silly packumentCache full:https://registry.npmjs.org/eslint-scope set size:undefined disposed:false
284 silly fetch manifest fast-deep-equal@^3.1.3
285 silly packumentCache full:https://registry.npmjs.org/fast-deep-equal cache-miss
286 http cache https://registry.npmjs.org/@types%2festree 22ms (cache hit)
287 silly packumentCache full:https://registry.npmjs.org/@types%2festree set size:76072 disposed:false
288 silly fetch manifest natural-compare@^1.4.0
289 silly packumentCache full:https://registry.npmjs.org/natural-compare cache-miss
290 http fetch GET 200 https://registry.npmjs.org/lodash.merge 56ms (cache miss)
291 silly packumentCache full:https://registry.npmjs.org/lodash.merge set size:undefined disposed:false
292 silly fetch manifest @eslint/eslintrc@^3.3.5
293 silly packumentCache full:https://registry.npmjs.org/@eslint%2feslintrc cache-miss
294 http fetch GET 200 https://registry.npmjs.org/@humanfs%2fnode 61ms (cache miss)
295 silly packumentCache full:https://registry.npmjs.org/@humanfs%2fnode set size:undefined disposed:false
296 silly fetch manifest file-entry-cache@^8.0.0
297 silly packumentCache full:https://registry.npmjs.org/file-entry-cache cache-miss
298 http fetch GET 200 https://registry.npmjs.org/fast-deep-equal 41ms (cache miss)
299 silly packumentCache full:https://registry.npmjs.org/fast-deep-equal set size:undefined disposed:false
300 silly fetch manifest @eslint/plugin-kit@^0.4.1
301 silly packumentCache full:https://registry.npmjs.org/@eslint%2fplugin-kit cache-miss
302 http fetch GET 200 https://registry.npmjs.org/natural-compare 55ms (cache miss)
303 silly packumentCache full:https://registry.npmjs.org/natural-compare set size:undefined disposed:false
304 silly fetch manifest eslint-visitor-keys@^4.2.1
305 silly packumentCache full:https://registry.npmjs.org/eslint-visitor-keys cache-miss
306 http fetch GET 200 https://registry.npmjs.org/react-refresh 676ms (cache miss)
307 silly packumentCache full:https://registry.npmjs.org/react-refresh set size:undefined disposed:false
308 silly fetch manifest @eslint/config-array@^0.21.2
309 silly packumentCache full:https://registry.npmjs.org/@eslint%2fconfig-array cache-miss
310 http fetch GET 200 https://registry.npmjs.org/file-entry-cache 129ms (cache miss)
311 silly packumentCache full:https://registry.npmjs.org/file-entry-cache set size:undefined disposed:false
312 silly fetch manifest @humanwhocodes/retry@^0.4.2
313 silly packumentCache full:https://registry.npmjs.org/@humanwhocodes%2fretry cache-miss
314 http fetch GET 200 https://registry.npmjs.org/@eslint%2feslintrc 153ms (cache miss)
315 silly packumentCache full:https://registry.npmjs.org/@eslint%2feslintrc set size:undefined disposed:false
316 silly fetch manifest escape-string-regexp@^4.0.0
317 silly packumentCache full:https://registry.npmjs.org/escape-string-regexp cache-miss
318 http fetch GET 200 https://registry.npmjs.org/rollup 609ms (cache miss)
319 silly packumentCache full:https://registry.npmjs.org/rollup set size:undefined disposed:false
320 silly fetch manifest @eslint/config-helpers@^0.4.2
321 silly packumentCache full:https://registry.npmjs.org/@eslint%2fconfig-helpers cache-miss
322 http fetch GET 200 https://registry.npmjs.org/@eslint%2fplugin-kit 217ms (cache miss)
323 silly packumentCache full:https://registry.npmjs.org/@eslint%2fplugin-kit set size:undefined disposed:false
324 silly fetch manifest @eslint-community/regexpp@^4.12.1
325 silly packumentCache full:https://registry.npmjs.org/@eslint-community%2fregexpp cache-miss
326 http fetch GET 200 https://registry.npmjs.org/eslint-visitor-keys 199ms (cache miss)
327 silly packumentCache full:https://registry.npmjs.org/eslint-visitor-keys set size:undefined disposed:false
328 silly fetch manifest @eslint-community/eslint-utils@^4.8.0
329 silly packumentCache full:https://registry.npmjs.org/@eslint-community%2feslint-utils cache-miss
330 http fetch GET 200 https://registry.npmjs.org/glob-parent 363ms (cache miss)
331 silly packumentCache full:https://registry.npmjs.org/glob-parent set size:undefined disposed:false
332 silly fetch manifest @humanwhocodes/module-importer@^1.0.1
333 silly packumentCache full:https://registry.npmjs.org/@humanwhocodes%2fmodule-importer cache-miss
334 http fetch GET 200 https://registry.npmjs.org/escape-string-regexp 106ms (cache miss)
335 silly packumentCache full:https://registry.npmjs.org/escape-string-regexp set size:undefined disposed:false
336 silly fetch manifest json-stable-stringify-without-jsonify@^1.0.1
337 silly packumentCache full:https://registry.npmjs.org/json-stable-stringify-without-jsonify cache-miss
338 http fetch GET 200 https://registry.npmjs.org/@humanwhocodes%2fretry 118ms (cache miss)
339 silly packumentCache full:https://registry.npmjs.org/@humanwhocodes%2fretry set size:undefined disposed:false
340 silly fetch manifest scheduler@^0.27.0
341 silly packumentCache full:https://registry.npmjs.org/scheduler cache-miss
342 http fetch GET 200 https://registry.npmjs.org/@eslint%2fconfig-helpers 59ms (cache miss)
343 silly packumentCache full:https://registry.npmjs.org/@eslint%2fconfig-helpers set size:undefined disposed:false
344 silly fetch manifest chokidar@^5.0.0
345 silly packumentCache full:https://registry.npmjs.org/chokidar cache-miss
346 http fetch GET 200 https://registry.npmjs.org/@eslint-community%2fregexpp 60ms (cache miss)
347 silly packumentCache full:https://registry.npmjs.org/@eslint-community%2fregexpp set size:undefined disposed:false
348 silly fetch manifest immutable@^5.1.5
349 silly packumentCache full:https://registry.npmjs.org/immutable cache-miss
350 http fetch GET 200 https://registry.npmjs.org/json-stable-stringify-without-jsonify 59ms (cache miss)
351 silly packumentCache full:https://registry.npmjs.org/json-stable-stringify-without-jsonify set size:undefined disposed:false
352 silly fetch manifest source-map-js@>=0.6.2 <2.0.0
353 silly packumentCache full:https://registry.npmjs.org/source-map-js cache-miss
354 http fetch GET 200 https://registry.npmjs.org/@humanwhocodes%2fmodule-importer 80ms (cache miss)
355 silly packumentCache full:https://registry.npmjs.org/@humanwhocodes%2fmodule-importer set size:undefined disposed:false
356 silly fetch manifest @parcel/watcher@^2.4.1
357 silly packumentCache full:https://registry.npmjs.org/@parcel%2fwatcher cache-miss
358 http fetch GET 200 https://registry.npmjs.org/@eslint-community%2feslint-utils 92ms (cache miss)
359 silly packumentCache full:https://registry.npmjs.org/@eslint-community%2feslint-utils set size:undefined disposed:false
360 silly fetch manifest @typescript-eslint/utils@8.59.4
361 silly packumentCache full:https://registry.npmjs.org/@typescript-eslint%2futils cache-miss
362 http fetch GET 200 https://registry.npmjs.org/chokidar 69ms (cache miss)
363 silly packumentCache full:https://registry.npmjs.org/chokidar set size:undefined disposed:false
364 silly fetch manifest @typescript-eslint/parser@8.59.4
365 silly packumentCache full:https://registry.npmjs.org/@typescript-eslint%2fparser cache-miss
366 http fetch GET 200 https://registry.npmjs.org/@eslint%2fconfig-array 238ms (cache miss)
367 silly packumentCache full:https://registry.npmjs.org/@eslint%2fconfig-array set size:undefined disposed:false
368 silly fetch manifest @typescript-eslint/eslint-plugin@8.59.4
369 silly packumentCache full:https://registry.npmjs.org/@typescript-eslint%2feslint-plugin cache-miss
370 http fetch GET 200 https://registry.npmjs.org/source-map-js 55ms (cache miss)
371 silly packumentCache full:https://registry.npmjs.org/source-map-js set size:undefined disposed:false
372 silly fetch manifest @typescript-eslint/typescript-estree@8.59.4
373 silly packumentCache full:https://registry.npmjs.org/@typescript-eslint%2ftypescript-estree cache-miss
374 http fetch GET 200 https://registry.npmjs.org/immutable 81ms (cache miss)
375 silly packumentCache full:https://registry.npmjs.org/immutable set size:undefined disposed:false
376 silly fetch manifest @rollup/pluginutils@^4.2.0
377 silly packumentCache full:https://registry.npmjs.org/@rollup%2fpluginutils cache-miss
378 http fetch GET 200 https://registry.npmjs.org/@rollup%2fpluginutils 60ms (cache miss)
379 silly packumentCache full:https://registry.npmjs.org/@rollup%2fpluginutils set size:undefined disposed:false
380 silly fetch manifest colorette@^2.0.16
381 silly packumentCache full:https://registry.npmjs.org/colorette cache-miss
382 http fetch GET 200 https://registry.npmjs.org/colorette 70ms (cache miss)
383 silly packumentCache full:https://registry.npmjs.org/colorette set size:undefined disposed:false
384 silly fetch manifest connect-history-api-fallback@^1.6.0
385 silly packumentCache full:https://registry.npmjs.org/connect-history-api-fallback cache-miss
386 http fetch GET 200 https://registry.npmjs.org/connect-history-api-fallback 56ms (cache miss)
387 silly packumentCache full:https://registry.npmjs.org/connect-history-api-fallback set size:undefined disposed:false
388 silly fetch manifest consola@^2.15.3
389 silly packumentCache full:https://registry.npmjs.org/consola cache-miss
390 http fetch GET 200 https://registry.npmjs.org/scheduler 361ms (cache miss)
391 silly packumentCache full:https://registry.npmjs.org/scheduler set size:undefined disposed:false
392 silly fetch manifest dotenv@^16.0.0
393 silly packumentCache full:https://registry.npmjs.org/dotenv cache-miss
394 http fetch GET 200 https://registry.npmjs.org/consola 97ms (cache miss)
395 silly packumentCache full:https://registry.npmjs.org/consola set size:undefined disposed:false
396 silly fetch manifest dotenv-expand@^8.0.2
397 silly packumentCache full:https://registry.npmjs.org/dotenv-expand cache-miss
398 http fetch GET 200 https://registry.npmjs.org/dotenv 59ms (cache miss)
399 silly packumentCache full:https://registry.npmjs.org/dotenv set size:undefined disposed:false
400 silly fetch manifest ejs@^3.1.6
401 silly packumentCache full:https://registry.npmjs.org/ejs cache-miss
402 http fetch GET 200 https://registry.npmjs.org/dotenv-expand 54ms (cache miss)
403 silly packumentCache full:https://registry.npmjs.org/dotenv-expand set size:undefined disposed:false
404 silly fetch manifest fast-glob@^3.2.11
405 silly packumentCache full:https://registry.npmjs.org/fast-glob cache-miss
406 http fetch GET 200 https://registry.npmjs.org/ejs 47ms (cache miss)
407 silly packumentCache full:https://registry.npmjs.org/ejs set size:undefined disposed:false
408 silly fetch manifest fs-extra@^10.0.1
409 silly packumentCache full:https://registry.npmjs.org/fs-extra cache-miss
410 http fetch GET 200 https://registry.npmjs.org/@parcel%2fwatcher 475ms (cache miss)
411 silly packumentCache full:https://registry.npmjs.org/@parcel%2fwatcher set size:undefined disposed:false
412 silly fetch manifest html-minifier-terser@^6.1.0
413 silly packumentCache full:https://registry.npmjs.org/html-minifier-terser cache-miss
414 http fetch GET 200 https://registry.npmjs.org/fast-glob 65ms (cache miss)
415 silly packumentCache full:https://registry.npmjs.org/fast-glob set size:undefined disposed:false
416 silly fetch manifest node-html-parser@^5.3.3
417 silly packumentCache full:https://registry.npmjs.org/node-html-parser cache-miss
418 http fetch GET 200 https://registry.npmjs.org/fs-extra 69ms (cache miss)
419 silly packumentCache full:https://registry.npmjs.org/fs-extra set size:undefined disposed:false
420 silly fetch manifest pathe@^0.2.0
421 silly packumentCache full:https://registry.npmjs.org/pathe cache-miss
422 http fetch GET 200 https://registry.npmjs.org/html-minifier-terser 55ms (cache miss)
423 silly packumentCache full:https://registry.npmjs.org/html-minifier-terser set size:undefined disposed:false
424 silly fetch manifest @svgr/core@^8.1.0
425 silly packumentCache full:https://registry.npmjs.org/@svgr%2fcore cache-miss
426 http fetch GET 200 https://registry.npmjs.org/pathe 37ms (cache miss)
427 silly packumentCache full:https://registry.npmjs.org/pathe set size:undefined disposed:false
428 silly fetch manifest @svgr/plugin-jsx@^8.1.0
429 silly packumentCache full:https://registry.npmjs.org/@svgr%2fplugin-jsx cache-miss
430 http fetch GET 200 https://registry.npmjs.org/node-html-parser 80ms (cache miss)
431 silly packumentCache full:https://registry.npmjs.org/node-html-parser set size:undefined disposed:false
432 silly fetch manifest @rollup/pluginutils@^5.2.0
433 silly packumentCache full:https://registry.npmjs.org/@rollup%2fpluginutils cache-miss
434 http cache https://registry.npmjs.org/@rollup%2fpluginutils 15ms (cache hit)
435 silly packumentCache full:https://registry.npmjs.org/@rollup%2fpluginutils set size:118597 disposed:false
436 http fetch GET 200 https://registry.npmjs.org/@svgr%2fplugin-jsx 55ms (cache miss)
437 silly packumentCache full:https://registry.npmjs.org/@svgr%2fplugin-jsx set size:undefined disposed:false
438 http fetch GET 200 https://registry.npmjs.org/@typescript-eslint%2futils 649ms (cache miss)
439 silly packumentCache full:https://registry.npmjs.org/@typescript-eslint%2futils set size:undefined disposed:false
440 http fetch GET 200 https://registry.npmjs.org/@svgr%2fcore 293ms (cache miss)
441 silly packumentCache full:https://registry.npmjs.org/@svgr%2fcore set size:undefined disposed:false
442 http fetch GET 200 https://registry.npmjs.org/@typescript-eslint%2fparser 844ms (cache miss)
443 silly packumentCache full:https://registry.npmjs.org/@typescript-eslint%2fparser set size:undefined disposed:false
444 http fetch GET 200 https://registry.npmjs.org/@typescript-eslint%2ftypescript-estree 954ms (cache miss)
445 silly packumentCache full:https://registry.npmjs.org/@typescript-eslint%2ftypescript-estree set size:undefined disposed:false
446 http fetch GET 200 https://registry.npmjs.org/@typescript-eslint%2feslint-plugin 1116ms (cache miss)
447 silly packumentCache full:https://registry.npmjs.org/@typescript-eslint%2feslint-plugin set size:undefined disposed:false
448 silly placeDep ROOT @types/estree@1.0.9 OK for: @types/eslint@8.56.12 want: *
449 silly placeDep ROOT @types/json-schema@7.0.15 OK for: @types/eslint@8.56.12 want: *
450 silly placeDep ROOT undici-types@7.16.0 OK for: @types/node@24.12.4 want: ~7.16.0
451 silly placeDep ROOT csstype@3.2.3 OK for: @types/react@19.2.15 want: ^3.2.2
452 silly placeDep ROOT @babel/core@7.29.0 OK for: @vitejs/plugin-react@4.7.0 want: ^7.28.0
453 silly placeDep ROOT @babel/plugin-transform-react-jsx-self@7.27.1 OK for: @vitejs/plugin-react@4.7.0 want: ^7.27.1
454 silly placeDep ROOT @babel/plugin-transform-react-jsx-source@7.27.1 OK for: @vitejs/plugin-react@4.7.0 want: ^7.27.1
455 silly placeDep ROOT @rolldown/pluginutils@1.0.0-beta.27 OK for: @vitejs/plugin-react@4.7.0 want: 1.0.0-beta.27
456 silly placeDep ROOT @types/babel__core@7.20.5 OK for: @vitejs/plugin-react@4.7.0 want: ^7.20.5
457 silly placeDep ROOT react-refresh@0.17.0 OK for: @vitejs/plugin-react@4.7.0 want: ^0.17.0
458 silly fetch manifest debug@^4.1.0
459 silly packumentCache full:https://registry.npmjs.org/debug cache-miss
460 silly fetch manifest json5@^2.2.3
461 silly packumentCache full:https://registry.npmjs.org/json5 cache-miss
462 silly fetch manifest semver@^6.3.1
463 silly packumentCache full:https://registry.npmjs.org/semver cache-miss
464 silly fetch manifest gensync@^1.0.0-beta.2
465 silly packumentCache full:https://registry.npmjs.org/gensync cache-miss
466 silly fetch manifest @babel/types@^7.29.0
467 silly packumentCache full:https://registry.npmjs.org/@babel%2ftypes cache-miss
468 silly fetch manifest @babel/parser@^7.29.0
469 silly packumentCache full:https://registry.npmjs.org/@babel%2fparser cache-miss
470 silly fetch manifest @babel/helpers@^7.28.6
471 silly packumentCache full:https://registry.npmjs.org/@babel%2fhelpers cache-miss
472 http cache https://registry.npmjs.org/debug 17ms (cache hit)
473 silly packumentCache full:https://registry.npmjs.org/debug set size:195840 disposed:false
474 silly fetch manifest @babel/template@^7.28.6
475 silly packumentCache full:https://registry.npmjs.org/@babel%2ftemplate cache-miss
476 http fetch GET 200 https://registry.npmjs.org/gensync 38ms (cache miss)
477 silly packumentCache full:https://registry.npmjs.org/gensync set size:undefined disposed:false
478 silly fetch manifest @babel/traverse@^7.29.0
479 silly packumentCache full:https://registry.npmjs.org/@babel%2ftraverse cache-miss
480 http fetch GET 200 https://registry.npmjs.org/json5 45ms (cache miss)
481 silly packumentCache full:https://registry.npmjs.org/json5 set size:undefined disposed:false
482 silly fetch manifest @babel/generator@^7.29.0
483 silly packumentCache full:https://registry.npmjs.org/@babel%2fgenerator cache-miss
484 http fetch GET 200 https://registry.npmjs.org/semver 68ms (cache miss)
485 silly packumentCache full:https://registry.npmjs.org/semver set size:undefined disposed:false
486 silly fetch manifest @babel/code-frame@^7.29.0
487 silly packumentCache full:https://registry.npmjs.org/@babel%2fcode-frame cache-miss
488 http fetch GET 200 https://registry.npmjs.org/@babel%2ftemplate 69ms (cache miss)
489 silly packumentCache full:https://registry.npmjs.org/@babel%2ftemplate set size:undefined disposed:false
490 silly fetch manifest convert-source-map@^2.0.0
491 silly packumentCache full:https://registry.npmjs.org/convert-source-map cache-miss
492 http fetch GET 200 https://registry.npmjs.org/@babel%2ftypes 107ms (cache miss)
493 silly packumentCache full:https://registry.npmjs.org/@babel%2ftypes set size:undefined disposed:false
494 silly fetch manifest @jridgewell/remapping@^2.3.5
495 silly packumentCache full:https://registry.npmjs.org/@jridgewell%2fremapping cache-miss
496 http fetch GET 200 https://registry.npmjs.org/@babel%2fhelpers 111ms (cache miss)
497 silly packumentCache full:https://registry.npmjs.org/@babel%2fhelpers set size:undefined disposed:false
498 silly fetch manifest @babel/helper-module-transforms@^7.28.6
499 silly packumentCache full:https://registry.npmjs.org/@babel%2fhelper-module-transforms cache-miss
500 http fetch GET 200 https://registry.npmjs.org/@babel%2fparser 128ms (cache miss)
501 silly packumentCache full:https://registry.npmjs.org/@babel%2fparser set size:undefined disposed:false
502 silly fetch manifest @babel/helper-compilation-targets@^7.28.6
503 silly packumentCache full:https://registry.npmjs.org/@babel%2fhelper-compilation-targets cache-miss
504 http fetch GET 200 https://registry.npmjs.org/convert-source-map 61ms (cache miss)
505 silly packumentCache full:https://registry.npmjs.org/convert-source-map set size:undefined disposed:false
506 silly fetch manifest @babel/helper-plugin-utils@^7.27.1
507 silly packumentCache full:https://registry.npmjs.org/@babel%2fhelper-plugin-utils cache-miss
508 http fetch GET 200 https://registry.npmjs.org/@babel%2fcode-frame 85ms (cache miss)
509 silly packumentCache full:https://registry.npmjs.org/@babel%2fcode-frame set size:undefined disposed:false
510 silly fetch manifest @babel/helper-plugin-utils@^7.27.1
511 silly packumentCache full:https://registry.npmjs.org/@babel%2fhelper-plugin-utils cache-miss
512 http fetch GET 200 https://registry.npmjs.org/@babel%2ftraverse 132ms (cache miss)
513 silly packumentCache full:https://registry.npmjs.org/@babel%2ftraverse set size:undefined disposed:false
514 silly fetch manifest @babel/types@^7.20.7
515 silly packumentCache full:https://registry.npmjs.org/@babel%2ftypes cache-miss
516 http fetch GET 200 https://registry.npmjs.org/@babel%2fgenerator 134ms (cache miss)
517 silly packumentCache full:https://registry.npmjs.org/@babel%2fgenerator set size:undefined disposed:false
518 silly fetch manifest @babel/parser@^7.20.7
519 silly packumentCache full:https://registry.npmjs.org/@babel%2fparser cache-miss
520 http fetch GET 200 https://registry.npmjs.org/@jridgewell%2fremapping 89ms (cache miss)
521 silly packumentCache full:https://registry.npmjs.org/@jridgewell%2fremapping set size:undefined disposed:false
522 silly fetch manifest @types/babel__template@*
523 silly packumentCache full:https://registry.npmjs.org/@types%2fbabel__template cache-miss
524 http cache https://registry.npmjs.org/@babel%2ftypes 45ms (cache hit)
525 silly packumentCache full:https://registry.npmjs.org/@babel%2ftypes set size:491978 disposed:false
526 silly fetch manifest @types/babel__traverse@*
527 silly packumentCache full:https://registry.npmjs.org/@types%2fbabel__traverse cache-miss
528 http cache https://registry.npmjs.org/@babel%2fparser 51ms (cache hit)
529 silly packumentCache full:https://registry.npmjs.org/@babel%2fparser set size:725652 disposed:false
530 silly fetch manifest @types/babel__generator@*
531 silly packumentCache full:https://registry.npmjs.org/@types%2fbabel__generator cache-miss
532 http fetch GET 200 https://registry.npmjs.org/@babel%2fhelper-module-transforms 134ms (cache miss)
533 silly packumentCache full:https://registry.npmjs.org/@babel%2fhelper-module-transforms set size:undefined disposed:false
534 http fetch GET 200 https://registry.npmjs.org/@babel%2fhelper-compilation-targets 115ms (cache miss)
535 silly packumentCache full:https://registry.npmjs.org/@babel%2fhelper-compilation-targets set size:undefined disposed:false
536 http fetch GET 200 https://registry.npmjs.org/@babel%2fhelper-plugin-utils 105ms (cache miss)
537 silly packumentCache full:https://registry.npmjs.org/@babel%2fhelper-plugin-utils set size:undefined disposed:false
538 http fetch GET 200 https://registry.npmjs.org/@babel%2fhelper-plugin-utils 104ms (cache miss)
539 silly packumentCache full:https://registry.npmjs.org/@babel%2fhelper-plugin-utils set size:undefined disposed:false
540 http fetch GET 200 https://registry.npmjs.org/@types%2fbabel__template 69ms (cache miss)
541 silly packumentCache full:https://registry.npmjs.org/@types%2fbabel__template set size:undefined disposed:false
542 http fetch GET 200 https://registry.npmjs.org/@types%2fbabel__traverse 52ms (cache miss)
543 silly packumentCache full:https://registry.npmjs.org/@types%2fbabel__traverse set size:undefined disposed:false
544 http fetch GET 200 https://registry.npmjs.org/@types%2fbabel__generator 40ms (cache miss)
545 silly packumentCache full:https://registry.npmjs.org/@types%2fbabel__generator set size:undefined disposed:false
546 silly fetch manifest @babel/core@^7.0.0
547 silly packumentCache full:https://registry.npmjs.org/@babel%2fcore cache-miss
548 http cache https://registry.npmjs.org/@babel%2fcore 10ms (cache hit)
549 silly packumentCache full:https://registry.npmjs.org/@babel%2fcore set size:768033 disposed:false
550 silly placeDep ROOT @babel/code-frame@7.29.0 OK for: @babel/core@7.29.0 want: ^7.29.0
551 silly placeDep ROOT @babel/generator@7.29.1 OK for: @babel/core@7.29.0 want: ^7.29.0
552 silly placeDep ROOT @babel/helper-compilation-targets@7.28.6 OK for: @babel/core@7.29.0 want: ^7.28.6
553 silly placeDep ROOT @babel/helper-module-transforms@7.28.6 OK for: @babel/core@7.29.0 want: ^7.28.6
554 silly placeDep ROOT @babel/helpers@7.29.2 OK for: @babel/core@7.29.0 want: ^7.28.6
555 silly placeDep ROOT @babel/parser@7.29.3 OK for: @babel/core@7.29.0 want: ^7.29.0
556 silly placeDep ROOT @babel/template@7.28.6 OK for: @babel/core@7.29.0 want: ^7.28.6
557 silly placeDep ROOT @babel/traverse@7.29.0 OK for: @babel/core@7.29.0 want: ^7.29.0
558 silly placeDep ROOT @babel/types@7.29.0 OK for: @babel/core@7.29.0 want: ^7.29.0
559 silly placeDep ROOT @jridgewell/remapping@2.3.5 OK for: @babel/core@7.29.0 want: ^2.3.5
560 silly placeDep ROOT convert-source-map@2.0.0 OK for: @babel/core@7.29.0 want: ^2.0.0
561 silly placeDep ROOT debug@4.4.3 OK for: @babel/core@7.29.0 want: ^4.1.0
562 silly placeDep ROOT gensync@1.0.0-beta.2 OK for: @babel/core@7.29.0 want: ^1.0.0-beta.2
563 silly placeDep ROOT json5@2.2.3 OK for: @babel/core@7.29.0 want: ^2.2.3
564 silly placeDep ROOT semver@6.3.1 OK for: @babel/core@7.29.0 want: ^6.3.1
565 silly fetch manifest js-tokens@^4.0.0
566 silly packumentCache full:https://registry.npmjs.org/js-tokens cache-miss
567 silly fetch manifest picocolors@^1.1.1
568 silly packumentCache full:https://registry.npmjs.org/picocolors cache-miss
569 silly fetch manifest @babel/helper-validator-identifier@^7.28.5
570 silly packumentCache full:https://registry.npmjs.org/@babel%2fhelper-validator-identifier cache-miss
571 silly fetch manifest jsesc@^3.0.2
572 silly packumentCache full:https://registry.npmjs.org/jsesc cache-miss
573 silly fetch manifest @jridgewell/gen-mapping@^0.3.12
574 silly packumentCache full:https://registry.npmjs.org/@jridgewell%2fgen-mapping cache-miss
575 silly fetch manifest @jridgewell/trace-mapping@^0.3.28
576 silly packumentCache full:https://registry.npmjs.org/@jridgewell%2ftrace-mapping cache-miss
577 silly fetch manifest lru-cache@^5.1.1
578 silly packumentCache full:https://registry.npmjs.org/lru-cache cache-miss
579 http fetch GET 200 https://registry.npmjs.org/js-tokens 42ms (cache miss)
580 silly packumentCache full:https://registry.npmjs.org/js-tokens set size:undefined disposed:false
581 silly fetch manifest browserslist@^4.24.0
582 silly packumentCache full:https://registry.npmjs.org/browserslist cache-miss
583 http fetch GET 200 https://registry.npmjs.org/picocolors 50ms (cache miss)
584 silly packumentCache full:https://registry.npmjs.org/picocolors set size:undefined disposed:false
585 silly fetch manifest @babel/compat-data@^7.28.6
586 silly packumentCache full:https://registry.npmjs.org/@babel%2fcompat-data cache-miss
587 http fetch GET 200 https://registry.npmjs.org/jsesc 57ms (cache miss)
588 silly packumentCache full:https://registry.npmjs.org/jsesc set size:undefined disposed:false
589 silly fetch manifest @babel/helper-validator-option@^7.27.1
590 silly packumentCache full:https://registry.npmjs.org/@babel%2fhelper-validator-option cache-miss
591 http fetch GET 200 https://registry.npmjs.org/@babel%2fhelper-validator-identifier 81ms (cache miss)
592 silly packumentCache full:https://registry.npmjs.org/@babel%2fhelper-validator-identifier set size:undefined disposed:false
593 silly fetch manifest @babel/traverse@^7.28.6
594 silly packumentCache full:https://registry.npmjs.org/@babel%2ftraverse cache-miss
595 http fetch GET 200 https://registry.npmjs.org/@jridgewell%2ftrace-mapping 86ms (cache miss)
596 silly packumentCache full:https://registry.npmjs.org/@jridgewell%2ftrace-mapping set size:undefined disposed:false
597 silly fetch manifest @babel/helper-module-imports@^7.28.6
598 silly packumentCache full:https://registry.npmjs.org/@babel%2fhelper-module-imports cache-miss
599 http fetch GET 200 https://registry.npmjs.org/@jridgewell%2fgen-mapping 91ms (cache miss)
600 silly packumentCache full:https://registry.npmjs.org/@jridgewell%2fgen-mapping set size:undefined disposed:false
601 silly fetch manifest @babel/types@^7.28.6
602 silly packumentCache full:https://registry.npmjs.org/@babel%2ftypes cache-hit
603 silly fetch manifest debug@^4.3.1
604 silly packumentCache full:https://registry.npmjs.org/debug cache-hit
605 silly fetch manifest @babel/helper-globals@^7.28.0
606 silly packumentCache full:https://registry.npmjs.org/@babel%2fhelper-globals cache-miss
607 http cache https://registry.npmjs.org/@babel%2ftraverse 34ms (cache hit)
608 silly packumentCache full:https://registry.npmjs.org/@babel%2ftraverse set size:553169 disposed:false
609 silly fetch manifest @babel/helper-string-parser@^7.27.1
610 silly packumentCache full:https://registry.npmjs.org/@babel%2fhelper-string-parser cache-miss
611 http fetch GET 200 https://registry.npmjs.org/lru-cache 126ms (cache miss)
612 silly packumentCache full:https://registry.npmjs.org/lru-cache set size:undefined disposed:false
613 silly fetch manifest @jridgewell/gen-mapping@^0.3.5
614 silly packumentCache full:https://registry.npmjs.org/@jridgewell%2fgen-mapping cache-miss
615 http fetch GET 200 https://registry.npmjs.org/@babel%2fhelper-validator-option 88ms (cache miss)
616 silly packumentCache full:https://registry.npmjs.org/@babel%2fhelper-validator-option set size:undefined disposed:false
617 silly fetch manifest @jridgewell/trace-mapping@^0.3.24
618 silly packumentCache full:https://registry.npmjs.org/@jridgewell%2ftrace-mapping cache-miss
619 http fetch GET 200 https://registry.npmjs.org/browserslist 111ms (cache miss)
620 silly packumentCache full:https://registry.npmjs.org/browserslist set size:undefined disposed:false
621 silly fetch manifest ms@^2.1.3
622 silly packumentCache full:https://registry.npmjs.org/ms cache-miss
623 http fetch GET 200 https://registry.npmjs.org/@babel%2fcompat-data 118ms (cache miss)
624 silly packumentCache full:https://registry.npmjs.org/@babel%2fcompat-data set size:undefined disposed:false
625 http cache https://registry.npmjs.org/@jridgewell%2fgen-mapping 35ms (cache hit)
626 silly packumentCache full:https://registry.npmjs.org/@jridgewell%2fgen-mapping set size:75941 disposed:false
627 http fetch GET 200 https://registry.npmjs.org/@babel%2fhelper-globals 79ms (cache miss)
628 silly packumentCache full:https://registry.npmjs.org/@babel%2fhelper-globals set size:undefined disposed:false
629 http fetch GET 200 https://registry.npmjs.org/@babel%2fhelper-module-imports 87ms (cache miss)
630 silly packumentCache full:https://registry.npmjs.org/@babel%2fhelper-module-imports set size:undefined disposed:false
631 http cache https://registry.npmjs.org/@jridgewell%2ftrace-mapping 41ms (cache hit)
632 silly packumentCache full:https://registry.npmjs.org/@jridgewell%2ftrace-mapping set size:170909 disposed:false
633 http fetch GET 200 https://registry.npmjs.org/@babel%2fhelper-string-parser 74ms (cache miss)
634 silly packumentCache full:https://registry.npmjs.org/@babel%2fhelper-string-parser set size:undefined disposed:false
635 http fetch GET 200 https://registry.npmjs.org/ms 42ms (cache miss)
636 silly packumentCache full:https://registry.npmjs.org/ms set size:undefined disposed:false
637 silly placeDep ROOT @babel/helper-validator-identifier@7.28.5 OK for: @babel/code-frame@7.29.0 want: ^7.28.5
638 silly placeDep ROOT js-tokens@4.0.0 OK for: @babel/code-frame@7.29.0 want: ^4.0.0
639 silly placeDep ROOT picocolors@1.1.1 OK for: @babel/code-frame@7.29.0 want: ^1.1.1
640 silly placeDep ROOT @jridgewell/gen-mapping@0.3.13 OK for: @babel/generator@7.29.1 want: ^0.3.12
641 silly placeDep ROOT @jridgewell/trace-mapping@0.3.31 OK for: @babel/generator@7.29.1 want: ^0.3.28
642 silly placeDep ROOT jsesc@3.1.0 OK for: @babel/generator@7.29.1 want: ^3.0.2
643 silly fetch manifest @jridgewell/sourcemap-codec@^1.5.0
644 silly packumentCache full:https://registry.npmjs.org/@jridgewell%2fsourcemap-codec cache-miss
645 silly fetch manifest @jridgewell/resolve-uri@^3.1.0
646 silly packumentCache full:https://registry.npmjs.org/@jridgewell%2fresolve-uri cache-miss
647 silly fetch manifest @jridgewell/sourcemap-codec@^1.4.14
648 silly packumentCache full:https://registry.npmjs.org/@jridgewell%2fsourcemap-codec cache-miss
649 http fetch GET 200 https://registry.npmjs.org/@jridgewell%2fsourcemap-codec 43ms (cache miss)
650 silly packumentCache full:https://registry.npmjs.org/@jridgewell%2fsourcemap-codec set size:undefined disposed:false
651 http fetch GET 200 https://registry.npmjs.org/@jridgewell%2fsourcemap-codec 43ms (cache miss)
652 silly packumentCache full:https://registry.npmjs.org/@jridgewell%2fsourcemap-codec set size:undefined disposed:false
653 http fetch GET 200 https://registry.npmjs.org/@jridgewell%2fresolve-uri 49ms (cache miss)
654 silly packumentCache full:https://registry.npmjs.org/@jridgewell%2fresolve-uri set size:undefined disposed:false
655 silly placeDep ROOT @babel/compat-data@7.29.3 OK for: @babel/helper-compilation-targets@7.28.6 want: ^7.28.6
656 silly placeDep ROOT @babel/helper-validator-option@7.27.1 OK for: @babel/helper-compilation-targets@7.28.6 want: ^7.27.1
657 silly placeDep ROOT browserslist@4.28.2 OK for: @babel/helper-compilation-targets@7.28.6 want: ^4.24.0
658 silly placeDep ROOT lru-cache@5.1.1 OK for: @babel/helper-compilation-targets@7.28.6 want: ^5.1.1
659 silly fetch manifest baseline-browser-mapping@^2.10.12
660 silly packumentCache full:https://registry.npmjs.org/baseline-browser-mapping cache-miss
661 silly fetch manifest caniuse-lite@^1.0.30001782
662 silly packumentCache full:https://registry.npmjs.org/caniuse-lite cache-miss
663 silly fetch manifest electron-to-chromium@^1.5.328
664 silly packumentCache full:https://registry.npmjs.org/electron-to-chromium cache-miss
665 silly fetch manifest node-releases@^2.0.36
666 silly packumentCache full:https://registry.npmjs.org/node-releases cache-miss
667 silly fetch manifest update-browserslist-db@^1.2.3
668 silly packumentCache full:https://registry.npmjs.org/update-browserslist-db cache-miss
669 silly fetch manifest yallist@^3.0.2
670 silly packumentCache full:https://registry.npmjs.org/yallist cache-miss
671 http fetch GET 200 https://registry.npmjs.org/yallist 41ms (cache miss)
672 silly packumentCache full:https://registry.npmjs.org/yallist set size:undefined disposed:false
673 http fetch GET 200 https://registry.npmjs.org/update-browserslist-db 49ms (cache miss)
674 silly packumentCache full:https://registry.npmjs.org/update-browserslist-db set size:undefined disposed:false
675 http fetch GET 200 https://registry.npmjs.org/baseline-browser-mapping 67ms (cache miss)
676 silly packumentCache full:https://registry.npmjs.org/baseline-browser-mapping set size:undefined disposed:false
677 http fetch GET 200 https://registry.npmjs.org/node-releases 72ms (cache miss)
678 silly packumentCache full:https://registry.npmjs.org/node-releases set size:undefined disposed:false
679 http fetch GET 200 https://registry.npmjs.org/caniuse-lite 121ms (cache miss)
680 silly packumentCache full:https://registry.npmjs.org/caniuse-lite set size:undefined disposed:false
681 http fetch GET 200 https://registry.npmjs.org/electron-to-chromium 161ms (cache miss)
682 silly packumentCache full:https://registry.npmjs.org/electron-to-chromium set size:undefined disposed:false
683 silly placeDep ROOT @babel/helper-module-imports@7.28.6 OK for: @babel/helper-module-transforms@7.28.6 want: ^7.28.6
684 silly placeDep ROOT @babel/helper-plugin-utils@7.28.6 OK for: @babel/plugin-transform-react-jsx-self@7.27.1 want: ^7.27.1
685 silly placeDep ROOT @babel/helper-globals@7.28.0 OK for: @babel/traverse@7.29.0 want: ^7.28.0
686 silly placeDep ROOT @babel/helper-string-parser@7.27.1 OK for: @babel/types@7.29.0 want: ^7.27.1
687 silly placeDep ROOT @jridgewell/sourcemap-codec@1.5.5 OK for: @jridgewell/gen-mapping@0.3.13 want: ^1.5.0
688 silly placeDep ROOT @jridgewell/resolve-uri@3.1.2 OK for: @jridgewell/trace-mapping@0.3.31 want: ^3.1.0
689 silly placeDep ROOT @types/babel__generator@7.27.0 OK for: @types/babel__core@7.20.5 want: *
690 silly placeDep ROOT @types/babel__template@7.4.4 OK for: @types/babel__core@7.20.5 want: *
691 silly placeDep ROOT @types/babel__traverse@7.28.0 OK for: @types/babel__core@7.20.5 want: *
692 silly fetch manifest browserslist@>= 4.21.0
693 silly packumentCache full:https://registry.npmjs.org/browserslist cache-miss
694 http cache https://registry.npmjs.org/browserslist 8ms (cache hit)
695 silly packumentCache full:https://registry.npmjs.org/browserslist set size:504681 disposed:false
696 silly placeDep ROOT baseline-browser-mapping@2.10.32 OK for: browserslist@4.28.2 want: ^2.10.12
697 silly placeDep ROOT caniuse-lite@1.0.30001793 OK for: browserslist@4.28.2 want: ^1.0.30001782
698 silly placeDep ROOT electron-to-chromium@1.5.361 OK for: browserslist@4.28.2 want: ^1.5.328
699 silly placeDep ROOT node-releases@2.0.46 OK for: browserslist@4.28.2 want: ^2.0.36
700 silly placeDep ROOT update-browserslist-db@1.2.3 OK for: browserslist@4.28.2 want: ^1.2.3
701 silly fetch manifest escalade@^3.2.0
702 silly packumentCache full:https://registry.npmjs.org/escalade cache-miss
703 http fetch GET 200 https://registry.npmjs.org/escalade 38ms (cache miss)
704 silly packumentCache full:https://registry.npmjs.org/escalade set size:undefined disposed:false
705 silly placeDep ROOT ms@2.1.3 OK for: debug@4.4.3 want: ^2.1.3
706 silly fetch manifest eslint@^6.0.0 || ^7.0.0 || >=8.0.0
707 silly packumentCache full:https://registry.npmjs.org/eslint cache-miss
708 http cache https://registry.npmjs.org/eslint 12ms (cache hit)
709 silly packumentCache full:https://registry.npmjs.org/eslint set size:1997485 disposed:false
710 silly placeDep ROOT @eslint-community/eslint-utils@4.9.1 OK for: eslint@9.39.4 want: ^4.8.0
711 silly placeDep ROOT @eslint-community/regexpp@4.12.2 OK for: eslint@9.39.4 want: ^4.12.1
712 silly placeDep ROOT @eslint/config-array@0.21.2 OK for: eslint@9.39.4 want: ^0.21.2
713 silly placeDep ROOT @eslint/config-helpers@0.4.2 OK for: eslint@9.39.4 want: ^0.4.2
714 silly placeDep ROOT @eslint/core@0.17.0 OK for: eslint@9.39.4 want: ^0.17.0
715 silly placeDep ROOT @eslint/eslintrc@3.3.5 OK for: eslint@9.39.4 want: ^3.3.5
716 silly placeDep ROOT @eslint/plugin-kit@0.4.1 OK for: eslint@9.39.4 want: ^0.4.1
717 silly placeDep ROOT @humanfs/node@0.16.8 OK for: eslint@9.39.4 want: ^0.16.6
718 silly placeDep ROOT @humanwhocodes/module-importer@1.0.1 OK for: eslint@9.39.4 want: ^1.0.1
719 silly placeDep ROOT @humanwhocodes/retry@0.4.3 OK for: eslint@9.39.4 want: ^0.4.2
720 silly placeDep ROOT ajv@6.15.0 OK for: eslint@9.39.4 want: ^6.14.0
721 silly placeDep ROOT chalk@4.1.2 OK for: eslint@9.39.4 want: ^4.0.0
722 silly placeDep ROOT cross-spawn@7.0.6 OK for: eslint@9.39.4 want: ^7.0.6
723 silly placeDep ROOT escape-string-regexp@4.0.0 OK for: eslint@9.39.4 want: ^4.0.0
724 silly placeDep ROOT eslint-scope@8.4.0 OK for: eslint@9.39.4 want: ^8.4.0
725 silly placeDep ROOT eslint-visitor-keys@4.2.1 OK for: eslint@9.39.4 want: ^4.2.1
726 silly placeDep ROOT espree@10.4.0 OK for: eslint@9.39.4 want: ^10.4.0
727 silly placeDep ROOT esquery@1.7.0 OK for: eslint@9.39.4 want: ^1.5.0
728 silly placeDep ROOT esutils@2.0.3 OK for: eslint@9.39.4 want: ^2.0.2
729 silly placeDep ROOT fast-deep-equal@3.1.3 OK for: eslint@9.39.4 want: ^3.1.3
730 silly placeDep ROOT file-entry-cache@8.0.0 OK for: eslint@9.39.4 want: ^8.0.0
731 silly placeDep ROOT find-up@5.0.0 OK for: eslint@9.39.4 want: ^5.0.0
732 silly placeDep ROOT glob-parent@6.0.2 OK for: eslint@9.39.4 want: ^6.0.2
733 silly placeDep ROOT ignore@5.3.2 OK for: eslint@9.39.4 want: ^5.2.0
734 silly placeDep ROOT imurmurhash@0.1.4 OK for: eslint@9.39.4 want: ^0.1.4
735 silly placeDep ROOT is-glob@4.0.3 OK for: eslint@9.39.4 want: ^4.0.0
736 silly placeDep ROOT json-stable-stringify-without-jsonify@1.0.1 OK for: eslint@9.39.4 want: ^1.0.1
737 silly placeDep ROOT lodash.merge@4.6.2 OK for: eslint@9.39.4 want: ^4.6.2
738 silly placeDep ROOT minimatch@3.1.5 OK for: eslint@9.39.4 want: ^3.1.5
739 silly placeDep ROOT natural-compare@1.4.0 OK for: eslint@9.39.4 want: ^1.4.0
740 silly placeDep ROOT optionator@0.9.4 OK for: eslint@9.39.4 want: ^0.9.3
741 silly fetch manifest eslint-visitor-keys@^3.4.3
742 silly packumentCache full:https://registry.npmjs.org/eslint-visitor-keys cache-miss
743 silly fetch manifest @eslint/object-schema@^2.1.7
744 silly packumentCache full:https://registry.npmjs.org/@eslint%2fobject-schema cache-miss
745 silly fetch manifest espree@^10.0.1
746 silly packumentCache full:https://registry.npmjs.org/espree cache-miss
747 silly fetch manifest globals@^14.0.0
748 silly packumentCache full:https://registry.npmjs.org/globals cache-miss
749 silly fetch manifest import-fresh@^3.2.1
750 silly packumentCache full:https://registry.npmjs.org/import-fresh cache-miss
751 silly fetch manifest js-yaml@^4.1.1
752 silly packumentCache full:https://registry.npmjs.org/js-yaml cache-miss
753 silly fetch manifest strip-json-comments@^3.1.1
754 silly packumentCache full:https://registry.npmjs.org/strip-json-comments cache-miss
755 http cache https://registry.npmjs.org/eslint-visitor-keys 16ms (cache hit)
756 silly packumentCache full:https://registry.npmjs.org/eslint-visitor-keys set size:69949 disposed:false
757 silly fetch manifest levn@^0.4.1
758 silly packumentCache full:https://registry.npmjs.org/levn cache-miss
759 http cache https://registry.npmjs.org/espree 20ms (cache hit)
760 silly packumentCache full:https://registry.npmjs.org/espree set size:326080 disposed:false
761 silly fetch manifest @humanwhocodes/retry@^0.4.0
762 silly packumentCache full:https://registry.npmjs.org/@humanwhocodes%2fretry cache-miss
763 http cache https://registry.npmjs.org/@humanwhocodes%2fretry 31ms (cache hit)
764 silly packumentCache full:https://registry.npmjs.org/@humanwhocodes%2fretry set size:42348 disposed:false
765 silly fetch manifest @humanfs/core@^0.19.2
766 silly packumentCache full:https://registry.npmjs.org/@humanfs%2fcore cache-miss
767 http fetch GET 200 https://registry.npmjs.org/strip-json-comments 57ms (cache miss)
768 silly packumentCache full:https://registry.npmjs.org/strip-json-comments set size:undefined disposed:false
769 silly fetch manifest @humanfs/types@^0.15.0
770 silly packumentCache full:https://registry.npmjs.org/@humanfs%2ftypes cache-miss
771 http fetch GET 200 https://registry.npmjs.org/@eslint%2fobject-schema 75ms (cache miss)
772 silly packumentCache full:https://registry.npmjs.org/@eslint%2fobject-schema set size:undefined disposed:false
773 silly fetch manifest uri-js@^4.2.2
774 silly packumentCache full:https://registry.npmjs.org/uri-js cache-miss
775 http fetch GET 200 https://registry.npmjs.org/import-fresh 76ms (cache miss)
776 silly packumentCache full:https://registry.npmjs.org/import-fresh set size:undefined disposed:false
777 silly fetch manifest fast-deep-equal@^3.1.1
778 silly packumentCache full:https://registry.npmjs.org/fast-deep-equal cache-miss
779 http fetch GET 200 https://registry.npmjs.org/js-yaml 80ms (cache miss)
780 silly packumentCache full:https://registry.npmjs.org/js-yaml set size:undefined disposed:false
781 silly fetch manifest json-schema-traverse@^0.4.1
782 silly packumentCache full:https://registry.npmjs.org/json-schema-traverse cache-miss
783 http fetch GET 200 https://registry.npmjs.org/levn 71ms (cache miss)
784 silly packumentCache full:https://registry.npmjs.org/levn set size:undefined disposed:false
785 silly fetch manifest fast-json-stable-stringify@^2.0.0
786 silly packumentCache full:https://registry.npmjs.org/fast-json-stable-stringify cache-miss
787 http fetch GET 200 https://registry.npmjs.org/globals 98ms (cache miss)
788 silly packumentCache full:https://registry.npmjs.org/globals set size:undefined disposed:false
789 silly fetch manifest ansi-styles@^4.1.0
790 silly packumentCache full:https://registry.npmjs.org/ansi-styles cache-miss
791 http cache https://registry.npmjs.org/fast-deep-equal 35ms (cache hit)
792 silly packumentCache full:https://registry.npmjs.org/fast-deep-equal set size:48634 disposed:false
793 silly fetch manifest supports-color@^7.1.0
794 silly packumentCache full:https://registry.npmjs.org/supports-color cache-miss
795 http fetch GET 200 https://registry.npmjs.org/@humanfs%2ftypes 68ms (cache miss)
796 silly packumentCache full:https://registry.npmjs.org/@humanfs%2ftypes set size:undefined disposed:false
797 silly fetch manifest which@^2.0.1
798 silly packumentCache full:https://registry.npmjs.org/which cache-miss
799 http fetch GET 200 https://registry.npmjs.org/json-schema-traverse 64ms (cache miss)
800 silly packumentCache full:https://registry.npmjs.org/json-schema-traverse set size:undefined disposed:false
801 silly fetch manifest path-key@^3.1.0
802 silly packumentCache full:https://registry.npmjs.org/path-key cache-miss
803 http fetch GET 200 https://registry.npmjs.org/fast-json-stable-stringify 65ms (cache miss)
804 silly packumentCache full:https://registry.npmjs.org/fast-json-stable-stringify set size:undefined disposed:false
805 silly fetch manifest shebang-command@^2.0.0
806 silly packumentCache full:https://registry.npmjs.org/shebang-command cache-miss
807 http fetch GET 200 https://registry.npmjs.org/@humanfs%2fcore 100ms (cache miss)
808 silly packumentCache full:https://registry.npmjs.org/@humanfs%2fcore set size:undefined disposed:false
809 silly fetch manifest esrecurse@^4.3.0
810 silly packumentCache full:https://registry.npmjs.org/esrecurse cache-miss
811 http fetch GET 200 https://registry.npmjs.org/uri-js 88ms (cache miss)
812 silly packumentCache full:https://registry.npmjs.org/uri-js set size:undefined disposed:false
813 silly fetch manifest estraverse@^5.2.0
814 silly packumentCache full:https://registry.npmjs.org/estraverse cache-miss
815 http fetch GET 200 https://registry.npmjs.org/ansi-styles 78ms (cache miss)
816 silly packumentCache full:https://registry.npmjs.org/ansi-styles set size:undefined disposed:false
817 silly fetch manifest acorn@^8.15.0
818 silly packumentCache full:https://registry.npmjs.org/acorn cache-miss
819 http fetch GET 200 https://registry.npmjs.org/supports-color 78ms (cache miss)
820 silly packumentCache full:https://registry.npmjs.org/supports-color set size:undefined disposed:false
821 silly fetch manifest acorn-jsx@^5.3.2
822 silly packumentCache full:https://registry.npmjs.org/acorn-jsx cache-miss
823 http fetch GET 200 https://registry.npmjs.org/path-key 56ms (cache miss)
824 silly packumentCache full:https://registry.npmjs.org/path-key set size:undefined disposed:false
825 silly fetch manifest estraverse@^5.1.0
826 silly packumentCache full:https://registry.npmjs.org/estraverse cache-miss
827 http fetch GET 200 https://registry.npmjs.org/which 83ms (cache miss)
828 silly packumentCache full:https://registry.npmjs.org/which set size:undefined disposed:false
829 silly fetch manifest flat-cache@^4.0.0
830 silly packumentCache full:https://registry.npmjs.org/flat-cache cache-miss
831 http fetch GET 200 https://registry.npmjs.org/shebang-command 74ms (cache miss)
832 silly packumentCache full:https://registry.npmjs.org/shebang-command set size:undefined disposed:false
833 silly fetch manifest locate-path@^6.0.0
834 silly packumentCache full:https://registry.npmjs.org/locate-path cache-miss
835 http fetch GET 200 https://registry.npmjs.org/esrecurse 78ms (cache miss)
836 silly packumentCache full:https://registry.npmjs.org/esrecurse set size:undefined disposed:false
837 silly fetch manifest path-exists@^4.0.0
838 silly packumentCache full:https://registry.npmjs.org/path-exists cache-miss
839 http fetch GET 200 https://registry.npmjs.org/estraverse 75ms (cache miss)
840 silly packumentCache full:https://registry.npmjs.org/estraverse set size:undefined disposed:false
841 silly fetch manifest is-glob@^4.0.3
842 silly packumentCache full:https://registry.npmjs.org/is-glob cache-miss
843 http fetch GET 200 https://registry.npmjs.org/estraverse 50ms (cache miss)
844 silly packumentCache full:https://registry.npmjs.org/estraverse set size:undefined disposed:false
845 silly fetch manifest is-extglob@^2.1.1
846 silly packumentCache full:https://registry.npmjs.org/is-extglob cache-miss
847 http fetch GET 200 https://registry.npmjs.org/acorn-jsx 78ms (cache miss)
848 silly packumentCache full:https://registry.npmjs.org/acorn-jsx set size:undefined disposed:false
849 silly fetch manifest brace-expansion@^1.1.7
850 silly packumentCache full:https://registry.npmjs.org/brace-expansion cache-miss
851 http cache https://registry.npmjs.org/is-glob 39ms (cache hit)
852 silly packumentCache full:https://registry.npmjs.org/is-glob set size:40530 disposed:false
853 silly fetch manifest prelude-ls@^1.2.1
854 silly packumentCache full:https://registry.npmjs.org/prelude-ls cache-miss
855 http fetch GET 200 https://registry.npmjs.org/acorn 108ms (cache miss)
856 silly packumentCache full:https://registry.npmjs.org/acorn set size:undefined disposed:false
857 silly fetch manifest deep-is@^0.1.3
858 silly packumentCache full:https://registry.npmjs.org/deep-is cache-miss
859 http fetch GET 200 https://registry.npmjs.org/locate-path 71ms (cache miss)
860 silly packumentCache full:https://registry.npmjs.org/locate-path set size:undefined disposed:false
861 silly fetch manifest word-wrap@^1.2.5
862 silly packumentCache full:https://registry.npmjs.org/word-wrap cache-miss
863 http fetch GET 200 https://registry.npmjs.org/flat-cache 93ms (cache miss)
864 silly packumentCache full:https://registry.npmjs.org/flat-cache set size:undefined disposed:false
865 silly fetch manifest type-check@^0.4.0
866 silly packumentCache full:https://registry.npmjs.org/type-check cache-miss
867 http fetch GET 200 https://registry.npmjs.org/path-exists 83ms (cache miss)
868 silly packumentCache full:https://registry.npmjs.org/path-exists set size:undefined disposed:false
869 silly fetch manifest fast-levenshtein@^2.0.6
870 silly packumentCache full:https://registry.npmjs.org/fast-levenshtein cache-miss
871 http fetch GET 200 https://registry.npmjs.org/is-extglob 74ms (cache miss)
872 silly packumentCache full:https://registry.npmjs.org/is-extglob set size:undefined disposed:false
873 http fetch GET 200 https://registry.npmjs.org/prelude-ls 60ms (cache miss)
874 silly packumentCache full:https://registry.npmjs.org/prelude-ls set size:undefined disposed:false
875 http fetch GET 200 https://registry.npmjs.org/brace-expansion 78ms (cache miss)
876 silly packumentCache full:https://registry.npmjs.org/brace-expansion set size:undefined disposed:false
877 http fetch GET 200 https://registry.npmjs.org/deep-is 63ms (cache miss)
878 silly packumentCache full:https://registry.npmjs.org/deep-is set size:undefined disposed:false
879 http fetch GET 200 https://registry.npmjs.org/word-wrap 67ms (cache miss)
880 silly packumentCache full:https://registry.npmjs.org/word-wrap set size:undefined disposed:false
881 http fetch GET 200 https://registry.npmjs.org/type-check 58ms (cache miss)
882 silly packumentCache full:https://registry.npmjs.org/type-check set size:undefined disposed:false
883 http fetch GET 200 https://registry.npmjs.org/fast-levenshtein 56ms (cache miss)
884 silly packumentCache full:https://registry.npmjs.org/fast-levenshtein set size:undefined disposed:false
885 silly placeDep node_modules/@eslint-community/eslint-utils eslint-visitor-keys@3.4.3 OK for: @eslint-community/eslint-utils@4.9.1 want: ^3.4.3
886 silly placeDep ROOT @eslint/object-schema@2.1.7 OK for: @eslint/config-array@0.21.2 want: ^2.1.7
887 silly placeDep ROOT globals@14.0.0 OK for: @eslint/eslintrc@3.3.5 want: ^14.0.0
888 silly placeDep ROOT import-fresh@3.3.1 OK for: @eslint/eslintrc@3.3.5 want: ^3.2.1
889 silly placeDep ROOT js-yaml@4.1.1 OK for: @eslint/eslintrc@3.3.5 want: ^4.1.1
890 silly placeDep ROOT strip-json-comments@3.1.1 OK for: @eslint/eslintrc@3.3.5 want: ^3.1.1
891 silly fetch manifest resolve-from@^4.0.0
892 silly packumentCache full:https://registry.npmjs.org/resolve-from cache-miss
893 silly fetch manifest parent-module@^1.0.0
894 silly packumentCache full:https://registry.npmjs.org/parent-module cache-miss
895 silly fetch manifest argparse@^2.0.1
896 silly packumentCache full:https://registry.npmjs.org/argparse cache-miss
897 http fetch GET 200 https://registry.npmjs.org/resolve-from 32ms (cache miss)
898 silly packumentCache full:https://registry.npmjs.org/resolve-from set size:undefined disposed:false
899 http fetch GET 200 https://registry.npmjs.org/parent-module 33ms (cache miss)
900 silly packumentCache full:https://registry.npmjs.org/parent-module set size:undefined disposed:false
901 http fetch GET 200 https://registry.npmjs.org/argparse 37ms (cache miss)
902 silly packumentCache full:https://registry.npmjs.org/argparse set size:undefined disposed:false
903 silly placeDep ROOT levn@0.4.1 OK for: @eslint/plugin-kit@0.4.1 want: ^0.4.1
904 silly fetch manifest type-check@~0.4.0
905 silly packumentCache full:https://registry.npmjs.org/type-check cache-miss
906 http cache https://registry.npmjs.org/type-check 12ms (cache hit)
907 silly packumentCache full:https://registry.npmjs.org/type-check set size:21221 disposed:false
908 silly placeDep ROOT @humanfs/core@0.19.2 OK for: @humanfs/node@0.16.8 want: ^0.19.2
909 silly placeDep ROOT @humanfs/types@0.15.0 OK for: @humanfs/node@0.16.8 want: ^0.15.0
910 silly placeDep ROOT fast-json-stable-stringify@2.1.0 OK for: ajv@6.15.0 want: ^2.0.0
911 silly placeDep ROOT json-schema-traverse@0.4.1 OK for: ajv@6.15.0 want: ^0.4.1
912 silly placeDep ROOT uri-js@4.4.1 OK for: ajv@6.15.0 want: ^4.2.2
913 silly fetch manifest punycode@^2.1.0
914 silly packumentCache full:https://registry.npmjs.org/punycode cache-miss
915 http fetch GET 200 https://registry.npmjs.org/punycode 26ms (cache miss)
916 silly packumentCache full:https://registry.npmjs.org/punycode set size:undefined disposed:false
917 silly placeDep ROOT ansi-styles@4.3.0 OK for: chalk@4.1.2 want: ^4.1.0
918 silly placeDep ROOT supports-color@7.2.0 OK for: chalk@4.1.2 want: ^7.1.0
919 silly fetch manifest color-convert@^2.0.1
920 silly packumentCache full:https://registry.npmjs.org/color-convert cache-miss
921 silly fetch manifest has-flag@^4.0.0
922 silly packumentCache full:https://registry.npmjs.org/has-flag cache-miss
923 http fetch GET 200 https://registry.npmjs.org/color-convert 30ms (cache miss)
924 silly packumentCache full:https://registry.npmjs.org/color-convert set size:undefined disposed:false
925 http fetch GET 200 https://registry.npmjs.org/has-flag 32ms (cache miss)
926 silly packumentCache full:https://registry.npmjs.org/has-flag set size:undefined disposed:false
927 silly placeDep ROOT color-convert@2.0.1 OK for: ansi-styles@4.3.0 want: ^2.0.1
928 silly fetch manifest color-name@~1.1.4
929 silly packumentCache full:https://registry.npmjs.org/color-name cache-miss
930 http fetch GET 200 https://registry.npmjs.org/color-name 49ms (cache miss)
931 silly packumentCache full:https://registry.npmjs.org/color-name set size:undefined disposed:false
932 silly placeDep ROOT color-name@1.1.4 OK for: color-convert@2.0.1 want: ~1.1.4
933 silly placeDep ROOT path-key@3.1.1 OK for: cross-spawn@7.0.6 want: ^3.1.0
934 silly placeDep ROOT shebang-command@2.0.0 OK for: cross-spawn@7.0.6 want: ^2.0.0
935 silly placeDep ROOT which@2.0.2 OK for: cross-spawn@7.0.6 want: ^2.0.1
936 silly fetch manifest shebang-regex@^3.0.0
937 silly packumentCache full:https://registry.npmjs.org/shebang-regex cache-miss
938 silly fetch manifest isexe@^2.0.0
939 silly packumentCache full:https://registry.npmjs.org/isexe cache-miss
940 http fetch GET 200 https://registry.npmjs.org/shebang-regex 28ms (cache miss)
941 silly packumentCache full:https://registry.npmjs.org/shebang-regex set size:undefined disposed:false
942 http fetch GET 200 https://registry.npmjs.org/isexe 29ms (cache miss)
943 silly packumentCache full:https://registry.npmjs.org/isexe set size:undefined disposed:false
944 silly placeDep ROOT esrecurse@4.3.0 OK for: eslint-scope@8.4.0 want: ^4.3.0
945 silly placeDep ROOT estraverse@5.3.0 OK for: eslint-scope@8.4.0 want: ^5.2.0
946 silly placeDep ROOT acorn@8.16.0 OK for: espree@10.4.0 want: ^8.15.0
947 silly placeDep ROOT acorn-jsx@5.3.2 OK for: espree@10.4.0 want: ^5.3.2
948 silly placeDep ROOT flat-cache@4.0.1 OK for: file-entry-cache@8.0.0 want: ^4.0.0
949 silly fetch manifest keyv@^4.5.4
950 silly packumentCache full:https://registry.npmjs.org/keyv cache-miss
951 silly fetch manifest flatted@^3.2.9
952 silly packumentCache full:https://registry.npmjs.org/flatted cache-miss
953 http fetch GET 200 https://registry.npmjs.org/flatted 33ms (cache miss)
954 silly packumentCache full:https://registry.npmjs.org/flatted set size:undefined disposed:false
955 http fetch GET 200 https://registry.npmjs.org/keyv 201ms (cache miss)
956 silly packumentCache full:https://registry.npmjs.org/keyv set size:undefined disposed:false
957 silly placeDep ROOT locate-path@6.0.0 OK for: find-up@5.0.0 want: ^6.0.0
958 silly placeDep ROOT path-exists@4.0.0 OK for: find-up@5.0.0 want: ^4.0.0
959 silly fetch manifest p-locate@^5.0.0
960 silly packumentCache full:https://registry.npmjs.org/p-locate cache-miss
961 http fetch GET 200 https://registry.npmjs.org/p-locate 27ms (cache miss)
962 silly packumentCache full:https://registry.npmjs.org/p-locate set size:undefined disposed:false
963 silly placeDep ROOT flatted@3.4.2 OK for: flat-cache@4.0.1 want: ^3.2.9
964 silly placeDep ROOT keyv@4.5.4 OK for: flat-cache@4.0.1 want: ^4.5.4
965 silly fetch manifest json-buffer@3.0.1
966 silly packumentCache full:https://registry.npmjs.org/json-buffer cache-miss
967 http fetch GET 200 https://registry.npmjs.org/json-buffer 24ms (cache miss)
968 silly packumentCache full:https://registry.npmjs.org/json-buffer set size:undefined disposed:false
969 silly placeDep ROOT parent-module@1.0.1 OK for: import-fresh@3.3.1 want: ^1.0.0
970 silly placeDep ROOT resolve-from@4.0.0 OK for: import-fresh@3.3.1 want: ^4.0.0
971 silly fetch manifest callsites@^3.0.0
972 silly packumentCache full:https://registry.npmjs.org/callsites cache-miss
973 http fetch GET 200 https://registry.npmjs.org/callsites 27ms (cache miss)
974 silly packumentCache full:https://registry.npmjs.org/callsites set size:undefined disposed:false
975 silly placeDep ROOT is-extglob@2.1.1 OK for: is-glob@4.0.3 want: ^2.1.1
976 silly placeDep ROOT argparse@2.0.1 OK for: js-yaml@4.1.1 want: ^2.0.1
977 silly placeDep ROOT json-buffer@3.0.1 OK for: keyv@4.5.4 want: 3.0.1
978 silly placeDep ROOT prelude-ls@1.2.1 OK for: levn@0.4.1 want: ^1.2.1
979 silly placeDep ROOT type-check@0.4.0 OK for: levn@0.4.1 want: ~0.4.0
980 silly placeDep ROOT p-locate@5.0.0 OK for: locate-path@6.0.0 want: ^5.0.0
981 silly fetch manifest p-limit@^3.0.2
982 silly packumentCache full:https://registry.npmjs.org/p-limit cache-miss
983 http fetch GET 200 https://registry.npmjs.org/p-limit 26ms (cache miss)
984 silly packumentCache full:https://registry.npmjs.org/p-limit set size:undefined disposed:false
985 silly placeDep ROOT yallist@3.1.1 OK for: lru-cache@5.1.1 want: ^3.0.2
986 silly placeDep ROOT brace-expansion@1.1.14 OK for: minimatch@3.1.5 want: ^1.1.7
987 silly fetch manifest concat-map@0.0.1
988 silly packumentCache full:https://registry.npmjs.org/concat-map cache-miss
989 silly fetch manifest balanced-match@^1.0.0
990 silly packumentCache full:https://registry.npmjs.org/balanced-match cache-miss
991 http fetch GET 200 https://registry.npmjs.org/balanced-match 28ms (cache miss)
992 silly packumentCache full:https://registry.npmjs.org/balanced-match set size:undefined disposed:false
993 http fetch GET 200 https://registry.npmjs.org/concat-map 32ms (cache miss)
994 silly packumentCache full:https://registry.npmjs.org/concat-map set size:undefined disposed:false
995 silly placeDep ROOT balanced-match@1.0.2 OK for: brace-expansion@1.1.14 want: ^1.0.0
996 silly placeDep ROOT concat-map@0.0.1 OK for: brace-expansion@1.1.14 want: 0.0.1
997 silly placeDep ROOT deep-is@0.1.4 OK for: optionator@0.9.4 want: ^0.1.3
998 silly placeDep ROOT fast-levenshtein@2.0.6 OK for: optionator@0.9.4 want: ^2.0.6
999 silly placeDep ROOT word-wrap@1.2.5 OK for: optionator@0.9.4 want: ^1.2.5
1000 silly placeDep ROOT p-limit@3.1.0 OK for: p-locate@5.0.0 want: ^3.0.2
1001 silly fetch manifest yocto-queue@^0.1.0
1002 silly packumentCache full:https://registry.npmjs.org/yocto-queue cache-miss
1003 http fetch GET 200 https://registry.npmjs.org/yocto-queue 27ms (cache miss)
1004 silly packumentCache full:https://registry.npmjs.org/yocto-queue set size:undefined disposed:false
1005 silly placeDep ROOT yocto-queue@0.1.0 OK for: p-limit@3.1.0 want: ^0.1.0
1006 silly placeDep ROOT callsites@3.1.0 OK for: parent-module@1.0.1 want: ^3.0.0
1007 silly placeDep ROOT scheduler@0.27.0 OK for: react-dom@19.2.6 want: ^0.27.0
1008 silly placeDep ROOT @parcel/watcher@2.5.6 OK for: sass@1.100.0 want: ^2.4.1
1009 silly placeDep ROOT chokidar@5.0.0 OK for: sass@1.100.0 want: ^5.0.0
1010 silly placeDep ROOT immutable@5.1.5 OK for: sass@1.100.0 want: ^5.1.5
1011 silly placeDep ROOT source-map-js@1.2.1 OK for: sass@1.100.0 want: >=0.6.2 <2.0.0
1012 silly fetch manifest detect-libc@^2.0.3
1013 silly packumentCache full:https://registry.npmjs.org/detect-libc cache-miss
1014 silly fetch manifest node-addon-api@^7.0.0
1015 silly packumentCache full:https://registry.npmjs.org/node-addon-api cache-miss
1016 silly fetch manifest @parcel/watcher-darwin-x64@2.5.6
1017 silly packumentCache full:https://registry.npmjs.org/@parcel%2fwatcher-darwin-x64 cache-miss
1018 silly fetch manifest @parcel/watcher-darwin-arm64@2.5.6
1019 silly packumentCache full:https://registry.npmjs.org/@parcel%2fwatcher-darwin-arm64 cache-miss
1020 silly fetch manifest @parcel/watcher-win32-x64@2.5.6
1021 silly packumentCache full:https://registry.npmjs.org/@parcel%2fwatcher-win32-x64 cache-miss
1022 silly fetch manifest @parcel/watcher-win32-arm64@2.5.6
1023 silly packumentCache full:https://registry.npmjs.org/@parcel%2fwatcher-win32-arm64 cache-miss
1024 silly fetch manifest @parcel/watcher-win32-ia32@2.5.6
1025 silly packumentCache full:https://registry.npmjs.org/@parcel%2fwatcher-win32-ia32 cache-miss
1026 http fetch GET 200 https://registry.npmjs.org/detect-libc 37ms (cache miss)
1027 silly packumentCache full:https://registry.npmjs.org/detect-libc set size:undefined disposed:false
1028 silly fetch manifest @parcel/watcher-linux-x64-glibc@2.5.6
1029 silly packumentCache full:https://registry.npmjs.org/@parcel%2fwatcher-linux-x64-glibc cache-miss
1030 http fetch GET 200 https://registry.npmjs.org/node-addon-api 49ms (cache miss)
1031 silly packumentCache full:https://registry.npmjs.org/node-addon-api set size:undefined disposed:false
1032 silly fetch manifest @parcel/watcher-linux-x64-musl@2.5.6
1033 silly packumentCache full:https://registry.npmjs.org/@parcel%2fwatcher-linux-x64-musl cache-miss
1034 http fetch GET 200 https://registry.npmjs.org/@parcel%2fwatcher-win32-x64 288ms (cache miss)
1035 silly packumentCache full:https://registry.npmjs.org/@parcel%2fwatcher-win32-x64 set size:undefined disposed:false
1036 silly fetch manifest @parcel/watcher-linux-arm64-glibc@2.5.6
1037 silly packumentCache full:https://registry.npmjs.org/@parcel%2fwatcher-linux-arm64-glibc cache-miss
1038 http fetch GET 200 https://registry.npmjs.org/@parcel%2fwatcher-linux-x64-glibc 303ms (cache miss)
1039 silly packumentCache full:https://registry.npmjs.org/@parcel%2fwatcher-linux-x64-glibc set size:undefined disposed:false
1040 silly fetch manifest @parcel/watcher-linux-arm64-musl@2.5.6
1041 silly packumentCache full:https://registry.npmjs.org/@parcel%2fwatcher-linux-arm64-musl cache-miss
1042 http fetch GET 200 https://registry.npmjs.org/@parcel%2fwatcher-linux-x64-musl 292ms (cache miss)
1043 silly packumentCache full:https://registry.npmjs.org/@parcel%2fwatcher-linux-x64-musl set size:undefined disposed:false
1044 silly fetch manifest @parcel/watcher-linux-arm-glibc@2.5.6
1045 silly packumentCache full:https://registry.npmjs.org/@parcel%2fwatcher-linux-arm-glibc cache-miss
1046 http fetch GET 200 https://registry.npmjs.org/@parcel%2fwatcher-win32-arm64 436ms (cache miss)
1047 silly packumentCache full:https://registry.npmjs.org/@parcel%2fwatcher-win32-arm64 set size:undefined disposed:false
1048 silly fetch manifest @parcel/watcher-linux-arm-musl@2.5.6
1049 silly packumentCache full:https://registry.npmjs.org/@parcel%2fwatcher-linux-arm-musl cache-miss
1050 http fetch GET 200 https://registry.npmjs.org/@parcel%2fwatcher-darwin-x64 453ms (cache miss)
1051 silly packumentCache full:https://registry.npmjs.org/@parcel%2fwatcher-darwin-x64 set size:undefined disposed:false
1052 silly fetch manifest @parcel/watcher-android-arm64@2.5.6
1053 silly packumentCache full:https://registry.npmjs.org/@parcel%2fwatcher-android-arm64 cache-miss
1054 http fetch GET 200 https://registry.npmjs.org/@parcel%2fwatcher-darwin-arm64 469ms (cache miss)
1055 silly packumentCache full:https://registry.npmjs.org/@parcel%2fwatcher-darwin-arm64 set size:undefined disposed:false
1056 silly fetch manifest @parcel/watcher-freebsd-x64@2.5.6
1057 silly packumentCache full:https://registry.npmjs.org/@parcel%2fwatcher-freebsd-x64 cache-miss
1058 http fetch GET 200 https://registry.npmjs.org/@parcel%2fwatcher-win32-ia32 474ms (cache miss)
1059 silly packumentCache full:https://registry.npmjs.org/@parcel%2fwatcher-win32-ia32 set size:undefined disposed:false
1060 silly fetch manifest readdirp@^5.0.0
1061 silly packumentCache full:https://registry.npmjs.org/readdirp cache-miss
1062 http fetch GET 200 https://registry.npmjs.org/readdirp 31ms (cache miss)
1063 silly packumentCache full:https://registry.npmjs.org/readdirp set size:undefined disposed:false
1064 http fetch GET 200 https://registry.npmjs.org/@parcel%2fwatcher-linux-arm64-glibc 290ms (cache miss)
1065 silly packumentCache full:https://registry.npmjs.org/@parcel%2fwatcher-linux-arm64-glibc set size:undefined disposed:false
1066 http fetch GET 200 https://registry.npmjs.org/@parcel%2fwatcher-linux-arm64-musl 298ms (cache miss)
1067 silly packumentCache full:https://registry.npmjs.org/@parcel%2fwatcher-linux-arm64-musl set size:undefined disposed:false
1068 http fetch GET 200 https://registry.npmjs.org/@parcel%2fwatcher-linux-arm-glibc 295ms (cache miss)
1069 silly packumentCache full:https://registry.npmjs.org/@parcel%2fwatcher-linux-arm-glibc set size:undefined disposed:false
1070 http fetch GET 200 https://registry.npmjs.org/@parcel%2fwatcher-linux-arm-musl 286ms (cache miss)
1071 silly packumentCache full:https://registry.npmjs.org/@parcel%2fwatcher-linux-arm-musl set size:undefined disposed:false
1072 http fetch GET 200 https://registry.npmjs.org/@parcel%2fwatcher-android-arm64 464ms (cache miss)
1073 silly packumentCache full:https://registry.npmjs.org/@parcel%2fwatcher-android-arm64 set size:undefined disposed:false
1074 http fetch GET 200 https://registry.npmjs.org/@parcel%2fwatcher-freebsd-x64 450ms (cache miss)
1075 silly packumentCache full:https://registry.npmjs.org/@parcel%2fwatcher-freebsd-x64 set size:undefined disposed:false
1076 silly placeDep ROOT @parcel/watcher-android-arm64@2.5.6 OK for: @parcel/watcher@2.5.6 want: 2.5.6
1077 silly placeDep ROOT @parcel/watcher-darwin-arm64@2.5.6 OK for: @parcel/watcher@2.5.6 want: 2.5.6
1078 silly placeDep ROOT @parcel/watcher-darwin-x64@2.5.6 OK for: @parcel/watcher@2.5.6 want: 2.5.6
1079 silly placeDep ROOT @parcel/watcher-freebsd-x64@2.5.6 OK for: @parcel/watcher@2.5.6 want: 2.5.6
1080 silly placeDep ROOT @parcel/watcher-linux-arm-glibc@2.5.6 OK for: @parcel/watcher@2.5.6 want: 2.5.6
1081 silly placeDep ROOT @parcel/watcher-linux-arm-musl@2.5.6 OK for: @parcel/watcher@2.5.6 want: 2.5.6
1082 silly placeDep ROOT @parcel/watcher-linux-arm64-glibc@2.5.6 OK for: @parcel/watcher@2.5.6 want: 2.5.6
1083 silly placeDep ROOT @parcel/watcher-linux-arm64-musl@2.5.6 OK for: @parcel/watcher@2.5.6 want: 2.5.6
1084 silly placeDep ROOT @parcel/watcher-linux-x64-glibc@2.5.6 OK for: @parcel/watcher@2.5.6 want: 2.5.6
1085 silly placeDep ROOT @parcel/watcher-linux-x64-musl@2.5.6 OK for: @parcel/watcher@2.5.6 want: 2.5.6
1086 silly placeDep ROOT @parcel/watcher-win32-arm64@2.5.6 OK for: @parcel/watcher@2.5.6 want: 2.5.6
1087 silly placeDep ROOT @parcel/watcher-win32-ia32@2.5.6 OK for: @parcel/watcher@2.5.6 want: 2.5.6
1088 silly placeDep ROOT @parcel/watcher-win32-x64@2.5.6 OK for: @parcel/watcher@2.5.6 want: 2.5.6
1089 silly placeDep ROOT detect-libc@2.1.2 OK for: @parcel/watcher@2.5.6 want: ^2.0.3
1090 silly placeDep ROOT node-addon-api@7.1.1 OK for: @parcel/watcher@2.5.6 want: ^7.0.0
1091 silly placeDep ROOT picomatch@4.0.4 OK for: @parcel/watcher@2.5.6 want: ^4.0.3
1092 silly placeDep ROOT readdirp@5.0.0 OK for: chokidar@5.0.0 want: ^5.0.0
1093 silly placeDep ROOT shebang-regex@3.0.0 OK for: shebang-command@2.0.0 want: ^3.0.0
1094 silly placeDep ROOT has-flag@4.0.0 OK for: supports-color@7.2.0 want: ^4.0.0
1095 silly fetch manifest eslint@^8.57.0 || ^9.0.0 || ^10.0.0
1096 silly packumentCache full:https://registry.npmjs.org/eslint cache-miss
1097 http cache https://registry.npmjs.org/eslint 44ms (cache hit)
1098 silly packumentCache full:https://registry.npmjs.org/eslint set size:1997485 disposed:false
1099 silly fetch manifest typescript@>=4.8.4 <6.1.0
1100 silly packumentCache full:https://registry.npmjs.org/typescript cache-miss
1101 http cache https://registry.npmjs.org/typescript 48ms (cache hit)
1102 silly packumentCache full:https://registry.npmjs.org/typescript set size:15409943 disposed:false
1103 silly placeDep ROOT @typescript-eslint/eslint-plugin@8.59.4 OK for: typescript-eslint@8.59.4 want: 8.59.4
1104 silly placeDep ROOT @typescript-eslint/parser@8.59.4 OK for: @typescript-eslint/eslint-plugin@8.59.4 want: ^8.59.4
1105 silly placeDep ROOT @typescript-eslint/typescript-estree@8.59.4 OK for: typescript-eslint@8.59.4 want: 8.59.4
1106 silly placeDep ROOT @typescript-eslint/utils@8.59.4 OK for: typescript-eslint@8.59.4 want: 8.59.4
1107 silly fetch manifest ignore@^7.0.5
1108 silly packumentCache full:https://registry.npmjs.org/ignore cache-miss
1109 silly fetch manifest ts-api-utils@^2.5.0
1110 silly packumentCache full:https://registry.npmjs.org/ts-api-utils cache-miss
1111 silly fetch manifest @typescript-eslint/type-utils@8.59.4
1112 silly packumentCache full:https://registry.npmjs.org/@typescript-eslint%2ftype-utils cache-miss
1113 silly fetch manifest @typescript-eslint/visitor-keys@8.59.4
1114 silly packumentCache full:https://registry.npmjs.org/@typescript-eslint%2fvisitor-keys cache-miss
1115 silly fetch manifest @typescript-eslint/scope-manager@8.59.4
1116 silly packumentCache full:https://registry.npmjs.org/@typescript-eslint%2fscope-manager cache-miss
1117 silly fetch manifest @typescript-eslint/types@8.59.4
1118 silly packumentCache full:https://registry.npmjs.org/@typescript-eslint%2ftypes cache-miss
1119 silly fetch manifest @typescript-eslint/visitor-keys@8.59.4
1120 silly packumentCache full:https://registry.npmjs.org/@typescript-eslint%2fvisitor-keys cache-miss
1121 http cache https://registry.npmjs.org/ignore 15ms (cache hit)
1122 silly packumentCache full:https://registry.npmjs.org/ignore set size:237380 disposed:false
1123 silly fetch manifest @typescript-eslint/scope-manager@8.59.4
1124 silly packumentCache full:https://registry.npmjs.org/@typescript-eslint%2fscope-manager cache-miss
1125 http fetch GET 200 https://registry.npmjs.org/ts-api-utils 36ms (cache miss)
1126 silly packumentCache full:https://registry.npmjs.org/ts-api-utils set size:undefined disposed:false
1127 silly fetch manifest semver@^7.7.3
1128 silly packumentCache full:https://registry.npmjs.org/semver cache-miss
1129 http cache https://registry.npmjs.org/semver 8ms (cache hit)
1130 silly packumentCache full:https://registry.npmjs.org/semver set size:235672 disposed:false
1131 silly fetch manifest minimatch@^10.2.2
1132 silly packumentCache full:https://registry.npmjs.org/minimatch cache-miss
1133 http cache https://registry.npmjs.org/minimatch 7ms (cache hit)
1134 silly packumentCache full:https://registry.npmjs.org/minimatch set size:375282 disposed:false
1135 silly fetch manifest @typescript-eslint/types@8.59.4
1136 silly packumentCache full:https://registry.npmjs.org/@typescript-eslint%2ftypes cache-miss
1137 http fetch GET 200 https://registry.npmjs.org/@typescript-eslint%2ftype-utils 549ms (cache miss)
1138 silly packumentCache full:https://registry.npmjs.org/@typescript-eslint%2ftype-utils set size:undefined disposed:false
1139 silly fetch manifest @typescript-eslint/visitor-keys@8.59.4
1140 silly packumentCache full:https://registry.npmjs.org/@typescript-eslint%2fvisitor-keys cache-miss
1141 http fetch GET 200 https://registry.npmjs.org/@typescript-eslint%2fvisitor-keys 668ms (cache miss)
1142 silly packumentCache full:https://registry.npmjs.org/@typescript-eslint%2fvisitor-keys set size:undefined disposed:false
1143 silly fetch manifest @typescript-eslint/tsconfig-utils@8.59.4
1144 silly packumentCache full:https://registry.npmjs.org/@typescript-eslint%2ftsconfig-utils cache-miss
1145 http fetch GET 200 https://registry.npmjs.org/@typescript-eslint%2ftypes 770ms (cache miss)
1146 silly packumentCache full:https://registry.npmjs.org/@typescript-eslint%2ftypes set size:undefined disposed:false
1147 silly fetch manifest @typescript-eslint/project-service@8.59.4
1148 silly packumentCache full:https://registry.npmjs.org/@typescript-eslint%2fproject-service cache-miss
1149 http fetch GET 200 https://registry.npmjs.org/@typescript-eslint%2fscope-manager 913ms (cache miss)
1150 silly packumentCache full:https://registry.npmjs.org/@typescript-eslint%2fscope-manager set size:undefined disposed:false
1151 http fetch GET 200 https://registry.npmjs.org/@typescript-eslint%2fscope-manager 998ms (cache miss)
1152 silly packumentCache full:https://registry.npmjs.org/@typescript-eslint%2fscope-manager set size:undefined disposed:false
1153 http fetch GET 200 https://registry.npmjs.org/@typescript-eslint%2fvisitor-keys 1111ms (cache miss)
1154 silly packumentCache full:https://registry.npmjs.org/@typescript-eslint%2fvisitor-keys set size:undefined disposed:false
1155 http fetch GET 200 https://registry.npmjs.org/@typescript-eslint%2ftsconfig-utils 496ms (cache miss)
1156 silly packumentCache full:https://registry.npmjs.org/@typescript-eslint%2ftsconfig-utils set size:undefined disposed:false
1157 http fetch GET 200 https://registry.npmjs.org/@typescript-eslint%2fproject-service 360ms (cache miss)
1158 silly packumentCache full:https://registry.npmjs.org/@typescript-eslint%2fproject-service set size:undefined disposed:false
1159 http fetch GET 200 https://registry.npmjs.org/@typescript-eslint%2ftypes 1197ms (cache miss)
1160 silly packumentCache full:https://registry.npmjs.org/@typescript-eslint%2ftypes set size:undefined disposed:false
1161 http fetch GET 200 https://registry.npmjs.org/@typescript-eslint%2fvisitor-keys 861ms (cache miss)
1162 silly packumentCache full:https://registry.npmjs.org/@typescript-eslint%2fvisitor-keys set size:undefined disposed:false
1163 silly placeDep ROOT @typescript-eslint/scope-manager@8.59.4 OK for: @typescript-eslint/eslint-plugin@8.59.4 want: 8.59.4
1164 silly placeDep ROOT @typescript-eslint/type-utils@8.59.4 OK for: @typescript-eslint/eslint-plugin@8.59.4 want: 8.59.4
1165 silly placeDep ROOT @typescript-eslint/visitor-keys@8.59.4 OK for: @typescript-eslint/eslint-plugin@8.59.4 want: 8.59.4
1166 silly placeDep node_modules/@typescript-eslint/eslint-plugin ignore@7.0.5 OK for: @typescript-eslint/eslint-plugin@8.59.4 want: ^7.0.5
1167 silly placeDep ROOT ts-api-utils@2.5.0 OK for: @typescript-eslint/eslint-plugin@8.59.4 want: ^2.5.0
1168 silly fetch manifest eslint-visitor-keys@^5.0.0
1169 silly packumentCache full:https://registry.npmjs.org/eslint-visitor-keys cache-hit
1170 silly placeDep ROOT @typescript-eslint/types@8.59.4 OK for: @typescript-eslint/parser@8.59.4 want: 8.59.4
1171 silly placeDep ROOT @typescript-eslint/project-service@8.59.4 OK for: @typescript-eslint/typescript-estree@8.59.4 want: 8.59.4
1172 silly placeDep ROOT @typescript-eslint/tsconfig-utils@8.59.4 OK for: @typescript-eslint/typescript-estree@8.59.4 want: 8.59.4
1173 silly placeDep node_modules/@typescript-eslint/typescript-estree minimatch@10.2.5 OK for: @typescript-eslint/typescript-estree@8.59.4 want: ^10.2.2
1174 silly placeDep node_modules/@typescript-eslint/typescript-estree semver@7.8.1 OK for: @typescript-eslint/typescript-estree@8.59.4 want: ^7.7.3
1175 silly placeDep ROOT tinyglobby@0.2.16 OK for: @typescript-eslint/typescript-estree@8.59.4 want: ^0.2.15
1176 silly fetch manifest @typescript-eslint/tsconfig-utils@^8.59.4
1177 silly packumentCache full:https://registry.npmjs.org/@typescript-eslint%2ftsconfig-utils cache-miss
1178 silly fetch manifest brace-expansion@^5.0.5
1179 silly packumentCache full:https://registry.npmjs.org/brace-expansion cache-miss
1180 http cache https://registry.npmjs.org/@typescript-eslint%2ftsconfig-utils 11ms (cache hit)
1181 silly packumentCache full:https://registry.npmjs.org/@typescript-eslint%2ftsconfig-utils set size:1254038 disposed:false
1182 http cache https://registry.npmjs.org/brace-expansion 23ms (cache hit)
1183 silly packumentCache full:https://registry.npmjs.org/brace-expansion set size:70654 disposed:false
1184 silly placeDep node_modules/@typescript-eslint/visitor-keys eslint-visitor-keys@5.0.1 OK for: @typescript-eslint/visitor-keys@8.59.4 want: ^5.0.0
1185 silly fetch manifest picomatch@^4.0.4
1186 silly packumentCache full:https://registry.npmjs.org/picomatch cache-miss
1187 http cache https://registry.npmjs.org/picomatch 7ms (cache hit)
1188 silly packumentCache full:https://registry.npmjs.org/picomatch set size:126376 disposed:false
1189 silly placeDep ROOT fdir@6.5.0 OK for: tinyglobby@0.2.16 want: ^6.5.0
1190 silly placeDep ROOT escalade@3.2.0 OK for: update-browserslist-db@1.2.3 want: ^3.2.0
1191 silly placeDep ROOT punycode@2.3.1 OK for: uri-js@4.4.1 want: ^2.1.0
1192 silly placeDep ROOT esbuild@0.27.7 OK for: vite@7.3.3 want: ^0.27.0
1193 silly placeDep ROOT fsevents@2.3.3 OK for: vite@7.3.3 want: ~2.3.3
1194 silly placeDep ROOT postcss@8.5.15 OK for: vite@7.3.3 want: ^8.5.6
1195 silly placeDep ROOT rollup@4.60.4 OK for: vite@7.3.3 want: ^4.43.0
1196 silly fetch manifest @esbuild/aix-ppc64@0.27.7
1197 silly packumentCache full:https://registry.npmjs.org/@esbuild%2faix-ppc64 cache-miss
1198 silly fetch manifest @esbuild/linux-arm@0.27.7
1199 silly packumentCache full:https://registry.npmjs.org/@esbuild%2flinux-arm cache-miss
1200 silly fetch manifest @esbuild/linux-x64@0.27.7
1201 silly packumentCache full:https://registry.npmjs.org/@esbuild%2flinux-x64 cache-miss
1202 silly fetch manifest @esbuild/sunos-x64@0.27.7
1203 silly packumentCache full:https://registry.npmjs.org/@esbuild%2fsunos-x64 cache-miss
1204 silly fetch manifest @esbuild/win32-x64@0.27.7
1205 silly packumentCache full:https://registry.npmjs.org/@esbuild%2fwin32-x64 cache-miss
1206 silly fetch manifest @esbuild/darwin-x64@0.27.7
1207 silly packumentCache full:https://registry.npmjs.org/@esbuild%2fdarwin-x64 cache-miss
1208 silly fetch manifest @esbuild/linux-ia32@0.27.7
1209 silly packumentCache full:https://registry.npmjs.org/@esbuild%2flinux-ia32 cache-miss
1210 http fetch GET 200 https://registry.npmjs.org/@esbuild%2faix-ppc64 85ms (cache miss)
1211 silly packumentCache full:https://registry.npmjs.org/@esbuild%2faix-ppc64 set size:undefined disposed:false
1212 silly fetch manifest @esbuild/netbsd-x64@0.27.7
1213 silly packumentCache full:https://registry.npmjs.org/@esbuild%2fnetbsd-x64 cache-miss
1214 http fetch GET 200 https://registry.npmjs.org/@esbuild%2flinux-ia32 89ms (cache miss)
1215 silly packumentCache full:https://registry.npmjs.org/@esbuild%2flinux-ia32 set size:undefined disposed:false
1216 silly fetch manifest @esbuild/win32-ia32@0.27.7
1217 silly packumentCache full:https://registry.npmjs.org/@esbuild%2fwin32-ia32 cache-miss
1218 http fetch GET 200 https://registry.npmjs.org/@esbuild%2fdarwin-x64 96ms (cache miss)
1219 silly packumentCache full:https://registry.npmjs.org/@esbuild%2fdarwin-x64 set size:undefined disposed:false
1220 silly fetch manifest @esbuild/android-arm@0.27.7
1221 silly packumentCache full:https://registry.npmjs.org/@esbuild%2fandroid-arm cache-miss
1222 http fetch GET 200 https://registry.npmjs.org/@esbuild%2fsunos-x64 103ms (cache miss)
1223 silly packumentCache full:https://registry.npmjs.org/@esbuild%2fsunos-x64 set size:undefined disposed:false
1224 silly fetch manifest @esbuild/android-x64@0.27.7
1225 silly packumentCache full:https://registry.npmjs.org/@esbuild%2fandroid-x64 cache-miss
1226 http fetch GET 200 https://registry.npmjs.org/@esbuild%2fwin32-x64 106ms (cache miss)
1227 silly packumentCache full:https://registry.npmjs.org/@esbuild%2fwin32-x64 set size:undefined disposed:false
1228 silly fetch manifest @esbuild/freebsd-x64@0.27.7
1229 silly packumentCache full:https://registry.npmjs.org/@esbuild%2ffreebsd-x64 cache-miss
1230 http fetch GET 200 https://registry.npmjs.org/@esbuild%2flinux-arm 113ms (cache miss)
1231 silly packumentCache full:https://registry.npmjs.org/@esbuild%2flinux-arm set size:undefined disposed:false
1232 silly fetch manifest @esbuild/linux-arm64@0.27.7
1233 silly packumentCache full:https://registry.npmjs.org/@esbuild%2flinux-arm64 cache-miss
1234 http fetch GET 200 https://registry.npmjs.org/@esbuild%2flinux-x64 117ms (cache miss)
1235 silly packumentCache full:https://registry.npmjs.org/@esbuild%2flinux-x64 set size:undefined disposed:false
1236 silly fetch manifest @esbuild/linux-ppc64@0.27.7
1237 silly packumentCache full:https://registry.npmjs.org/@esbuild%2flinux-ppc64 cache-miss
1238 http fetch GET 200 https://registry.npmjs.org/@esbuild%2fnetbsd-x64 50ms (cache miss)
1239 silly packumentCache full:https://registry.npmjs.org/@esbuild%2fnetbsd-x64 set size:undefined disposed:false
1240 silly fetch manifest @esbuild/linux-s390x@0.27.7
1241 silly packumentCache full:https://registry.npmjs.org/@esbuild%2flinux-s390x cache-miss
1242 http fetch GET 200 https://registry.npmjs.org/@esbuild%2fwin32-ia32 77ms (cache miss)
1243 silly packumentCache full:https://registry.npmjs.org/@esbuild%2fwin32-ia32 set size:undefined disposed:false
1244 silly fetch manifest @esbuild/openbsd-x64@0.27.7
1245 silly packumentCache full:https://registry.npmjs.org/@esbuild%2fopenbsd-x64 cache-miss
1246 http fetch GET 200 https://registry.npmjs.org/@esbuild%2fandroid-arm 88ms (cache miss)
1247 silly packumentCache full:https://registry.npmjs.org/@esbuild%2fandroid-arm set size:undefined disposed:false
1248 silly fetch manifest @esbuild/win32-arm64@0.27.7
1249 silly packumentCache full:https://registry.npmjs.org/@esbuild%2fwin32-arm64 cache-miss
1250 http fetch GET 200 https://registry.npmjs.org/@esbuild%2ffreebsd-x64 90ms (cache miss)
1251 silly packumentCache full:https://registry.npmjs.org/@esbuild%2ffreebsd-x64 set size:undefined disposed:false
1252 silly fetch manifest @esbuild/darwin-arm64@0.27.7
1253 silly packumentCache full:https://registry.npmjs.org/@esbuild%2fdarwin-arm64 cache-miss
1254 http fetch GET 200 https://registry.npmjs.org/@esbuild%2fandroid-x64 116ms (cache miss)
1255 silly packumentCache full:https://registry.npmjs.org/@esbuild%2fandroid-x64 set size:undefined disposed:false
1256 silly fetch manifest @esbuild/netbsd-arm64@0.27.7
1257 silly packumentCache full:https://registry.npmjs.org/@esbuild%2fnetbsd-arm64 cache-miss
1258 http fetch GET 200 https://registry.npmjs.org/@esbuild%2flinux-arm64 122ms (cache miss)
1259 silly packumentCache full:https://registry.npmjs.org/@esbuild%2flinux-arm64 set size:undefined disposed:false
1260 silly fetch manifest @esbuild/android-arm64@0.27.7
1261 silly packumentCache full:https://registry.npmjs.org/@esbuild%2fandroid-arm64 cache-miss
1262 http fetch GET 200 https://registry.npmjs.org/@esbuild%2flinux-s390x 112ms (cache miss)
1263 silly packumentCache full:https://registry.npmjs.org/@esbuild%2flinux-s390x set size:undefined disposed:false
1264 silly fetch manifest @esbuild/freebsd-arm64@0.27.7
1265 silly packumentCache full:https://registry.npmjs.org/@esbuild%2ffreebsd-arm64 cache-miss
1266 http fetch GET 200 https://registry.npmjs.org/@esbuild%2fopenbsd-x64 87ms (cache miss)
1267 silly packumentCache full:https://registry.npmjs.org/@esbuild%2fopenbsd-x64 set size:undefined disposed:false
1268 silly fetch manifest @esbuild/linux-loong64@0.27.7
1269 silly packumentCache full:https://registry.npmjs.org/@esbuild%2flinux-loong64 cache-miss
1270 http fetch GET 200 https://registry.npmjs.org/@esbuild%2fwin32-arm64 84ms (cache miss)
1271 silly packumentCache full:https://registry.npmjs.org/@esbuild%2fwin32-arm64 set size:undefined disposed:false
1272 silly fetch manifest @esbuild/linux-riscv64@0.27.7
1273 silly packumentCache full:https://registry.npmjs.org/@esbuild%2flinux-riscv64 cache-miss
1274 http fetch GET 200 https://registry.npmjs.org/@esbuild%2fdarwin-arm64 81ms (cache miss)
1275 silly packumentCache full:https://registry.npmjs.org/@esbuild%2fdarwin-arm64 set size:undefined disposed:false
1276 silly fetch manifest @esbuild/openbsd-arm64@0.27.7
1277 silly packumentCache full:https://registry.npmjs.org/@esbuild%2fopenbsd-arm64 cache-miss
1278 http fetch GET 200 https://registry.npmjs.org/@esbuild%2fnetbsd-arm64 75ms (cache miss)
1279 silly packumentCache full:https://registry.npmjs.org/@esbuild%2fnetbsd-arm64 set size:undefined disposed:false
1280 silly fetch manifest @esbuild/linux-mips64el@0.27.7
1281 silly packumentCache full:https://registry.npmjs.org/@esbuild%2flinux-mips64el cache-miss
1282 http fetch GET 200 https://registry.npmjs.org/@esbuild%2fandroid-arm64 87ms (cache miss)
1283 silly packumentCache full:https://registry.npmjs.org/@esbuild%2fandroid-arm64 set size:undefined disposed:false
1284 silly fetch manifest @esbuild/openharmony-arm64@0.27.7
1285 silly packumentCache full:https://registry.npmjs.org/@esbuild%2fopenharmony-arm64 cache-miss
1286 http fetch GET 200 https://registry.npmjs.org/@esbuild%2ffreebsd-arm64 79ms (cache miss)
1287 silly packumentCache full:https://registry.npmjs.org/@esbuild%2ffreebsd-arm64 set size:undefined disposed:false
1288 silly fetch manifest nanoid@^3.3.12
1289 silly packumentCache full:https://registry.npmjs.org/nanoid cache-miss
1290 http fetch GET 200 https://registry.npmjs.org/@esbuild%2flinux-loong64 78ms (cache miss)
1291 silly packumentCache full:https://registry.npmjs.org/@esbuild%2flinux-loong64 set size:undefined disposed:false
1292 silly fetch manifest @types/estree@1.0.8
1293 silly packumentCache full:https://registry.npmjs.org/@types%2festree cache-hit
1294 silly fetch manifest @rollup/rollup-darwin-arm64@4.60.4
1295 silly packumentCache full:https://registry.npmjs.org/@rollup%2frollup-darwin-arm64 cache-miss
1296 http fetch GET 200 https://registry.npmjs.org/@esbuild%2fopenbsd-arm64 67ms (cache miss)
1297 silly packumentCache full:https://registry.npmjs.org/@esbuild%2fopenbsd-arm64 set size:undefined disposed:false
1298 silly fetch manifest @rollup/rollup-android-arm64@4.60.4
1299 silly packumentCache full:https://registry.npmjs.org/@rollup%2frollup-android-arm64 cache-miss
1300 http fetch GET 200 https://registry.npmjs.org/@esbuild%2flinux-riscv64 94ms (cache miss)
1301 silly packumentCache full:https://registry.npmjs.org/@esbuild%2flinux-riscv64 set size:undefined disposed:false
1302 silly fetch manifest @rollup/rollup-win32-arm64-msvc@4.60.4
1303 silly packumentCache full:https://registry.npmjs.org/@rollup%2frollup-win32-arm64-msvc cache-miss
1304 http fetch GET 200 https://registry.npmjs.org/@esbuild%2flinux-ppc64 262ms (cache miss)
1305 silly packumentCache full:https://registry.npmjs.org/@esbuild%2flinux-ppc64 set size:undefined disposed:false
1306 silly fetch manifest @rollup/rollup-freebsd-arm64@4.60.4
1307 silly packumentCache full:https://registry.npmjs.org/@rollup%2frollup-freebsd-arm64 cache-miss
1308 http fetch GET 200 https://registry.npmjs.org/@esbuild%2flinux-mips64el 92ms (cache miss)
1309 silly packumentCache full:https://registry.npmjs.org/@esbuild%2flinux-mips64el set size:undefined disposed:false
1310 silly fetch manifest @rollup/rollup-linux-arm64-gnu@4.60.4
1311 silly packumentCache full:https://registry.npmjs.org/@rollup%2frollup-linux-arm64-gnu cache-miss
1312 http fetch GET 200 https://registry.npmjs.org/@esbuild%2fopenharmony-arm64 72ms (cache miss)
1313 silly packumentCache full:https://registry.npmjs.org/@esbuild%2fopenharmony-arm64 set size:undefined disposed:false
1314 silly fetch manifest @rollup/rollup-linux-arm64-musl@4.60.4
1315 silly packumentCache full:https://registry.npmjs.org/@rollup%2frollup-linux-arm64-musl cache-miss
1316 http fetch GET 200 https://registry.npmjs.org/nanoid 70ms (cache miss)
1317 silly packumentCache full:https://registry.npmjs.org/nanoid set size:undefined disposed:false
1318 silly fetch manifest @rollup/rollup-android-arm-eabi@4.60.4
1319 silly packumentCache full:https://registry.npmjs.org/@rollup%2frollup-android-arm-eabi cache-miss
1320 http fetch GET 200 https://registry.npmjs.org/@rollup%2frollup-win32-arm64-msvc 53ms (cache miss)
1321 silly packumentCache full:https://registry.npmjs.org/@rollup%2frollup-win32-arm64-msvc set size:undefined disposed:false
1322 silly fetch manifest @rollup/rollup-linux-arm-gnueabihf@4.60.4
1323 silly packumentCache full:https://registry.npmjs.org/@rollup%2frollup-linux-arm-gnueabihf cache-miss
1324 http fetch GET 200 https://registry.npmjs.org/@rollup%2frollup-android-arm-eabi 47ms (cache miss)
1325 silly packumentCache full:https://registry.npmjs.org/@rollup%2frollup-android-arm-eabi set size:undefined disposed:false
1326 silly fetch manifest @rollup/rollup-linux-arm-musleabihf@4.60.4
1327 silly packumentCache full:https://registry.npmjs.org/@rollup%2frollup-linux-arm-musleabihf cache-miss
1328 http fetch GET 200 https://registry.npmjs.org/@rollup%2frollup-linux-arm-gnueabihf 52ms (cache miss)
1329 silly packumentCache full:https://registry.npmjs.org/@rollup%2frollup-linux-arm-gnueabihf set size:undefined disposed:false
1330 silly fetch manifest @rollup/rollup-win32-ia32-msvc@4.60.4
1331 silly packumentCache full:https://registry.npmjs.org/@rollup%2frollup-win32-ia32-msvc cache-miss
1332 http fetch GET 200 https://registry.npmjs.org/@rollup%2frollup-linux-arm-musleabihf 42ms (cache miss)
1333 silly packumentCache full:https://registry.npmjs.org/@rollup%2frollup-linux-arm-musleabihf set size:undefined disposed:false
1334 silly fetch manifest @rollup/rollup-linux-loong64-gnu@4.60.4
1335 silly packumentCache full:https://registry.npmjs.org/@rollup%2frollup-linux-loong64-gnu cache-miss
1336 http fetch GET 200 https://registry.npmjs.org/@rollup%2frollup-win32-ia32-msvc 52ms (cache miss)
1337 silly packumentCache full:https://registry.npmjs.org/@rollup%2frollup-win32-ia32-msvc set size:undefined disposed:false
1338 silly fetch manifest @rollup/rollup-linux-loong64-musl@4.60.4
1339 silly packumentCache full:https://registry.npmjs.org/@rollup%2frollup-linux-loong64-musl cache-miss
1340 http fetch GET 200 https://registry.npmjs.org/@rollup%2frollup-linux-loong64-gnu 47ms (cache miss)
1341 silly packumentCache full:https://registry.npmjs.org/@rollup%2frollup-linux-loong64-gnu set size:undefined disposed:false
1342 silly fetch manifest @rollup/rollup-linux-riscv64-gnu@4.60.4
1343 silly packumentCache full:https://registry.npmjs.org/@rollup%2frollup-linux-riscv64-gnu cache-miss
1344 http fetch GET 200 https://registry.npmjs.org/@rollup%2frollup-darwin-arm64 220ms (cache miss)
1345 silly packumentCache full:https://registry.npmjs.org/@rollup%2frollup-darwin-arm64 set size:undefined disposed:false
1346 silly fetch manifest @rollup/rollup-linux-riscv64-musl@4.60.4
1347 silly packumentCache full:https://registry.npmjs.org/@rollup%2frollup-linux-riscv64-musl cache-miss
1348 http fetch GET 200 https://registry.npmjs.org/@rollup%2frollup-linux-loong64-musl 38ms (cache miss)
1349 silly packumentCache full:https://registry.npmjs.org/@rollup%2frollup-linux-loong64-musl set size:undefined disposed:false
1350 silly fetch manifest @rollup/rollup-linux-ppc64-gnu@4.60.4
1351 silly packumentCache full:https://registry.npmjs.org/@rollup%2frollup-linux-ppc64-gnu cache-miss
1352 http fetch GET 200 https://registry.npmjs.org/@rollup%2frollup-linux-riscv64-musl 47ms (cache miss)
1353 silly packumentCache full:https://registry.npmjs.org/@rollup%2frollup-linux-riscv64-musl set size:undefined disposed:false
1354 silly fetch manifest @rollup/rollup-linux-ppc64-musl@4.60.4
1355 silly packumentCache full:https://registry.npmjs.org/@rollup%2frollup-linux-ppc64-musl cache-miss
1356 http fetch GET 200 https://registry.npmjs.org/@rollup%2frollup-linux-arm64-musl 223ms (cache miss)
1357 silly packumentCache full:https://registry.npmjs.org/@rollup%2frollup-linux-arm64-musl set size:undefined disposed:false
1358 silly fetch manifest @rollup/rollup-linux-s390x-gnu@4.60.4
1359 silly packumentCache full:https://registry.npmjs.org/@rollup%2frollup-linux-s390x-gnu cache-miss
1360 http fetch GET 200 https://registry.npmjs.org/@rollup%2frollup-linux-ppc64-gnu 53ms (cache miss)
1361 silly packumentCache full:https://registry.npmjs.org/@rollup%2frollup-linux-ppc64-gnu set size:undefined disposed:false
1362 silly fetch manifest @rollup/rollup-darwin-x64@4.60.4
1363 silly packumentCache full:https://registry.npmjs.org/@rollup%2frollup-darwin-x64 cache-miss
1364 http fetch GET 200 https://registry.npmjs.org/@rollup%2frollup-android-arm64 296ms (cache miss)
1365 silly packumentCache full:https://registry.npmjs.org/@rollup%2frollup-android-arm64 set size:undefined disposed:false
1366 silly fetch manifest @rollup/rollup-win32-x64-gnu@4.60.4
1367 silly packumentCache full:https://registry.npmjs.org/@rollup%2frollup-win32-x64-gnu cache-miss
1368 http fetch GET 200 https://registry.npmjs.org/@rollup%2frollup-freebsd-arm64 294ms (cache miss)
1369 silly packumentCache full:https://registry.npmjs.org/@rollup%2frollup-freebsd-arm64 set size:undefined disposed:false
1370 silly fetch manifest @rollup/rollup-win32-x64-msvc@4.60.4
1371 silly packumentCache full:https://registry.npmjs.org/@rollup%2frollup-win32-x64-msvc cache-miss
1372 http fetch GET 200 https://registry.npmjs.org/@rollup%2frollup-linux-s390x-gnu 50ms (cache miss)
1373 silly packumentCache full:https://registry.npmjs.org/@rollup%2frollup-linux-s390x-gnu set size:undefined disposed:false
1374 silly fetch manifest @rollup/rollup-freebsd-x64@4.60.4
1375 silly packumentCache full:https://registry.npmjs.org/@rollup%2frollup-freebsd-x64 cache-miss
1376 http fetch GET 200 https://registry.npmjs.org/@rollup%2frollup-win32-x64-gnu 44ms (cache miss)
1377 silly packumentCache full:https://registry.npmjs.org/@rollup%2frollup-win32-x64-gnu set size:undefined disposed:false
1378 silly fetch manifest @rollup/rollup-linux-x64-gnu@4.60.4
1379 silly packumentCache full:https://registry.npmjs.org/@rollup%2frollup-linux-x64-gnu cache-miss
1380 http fetch GET 200 https://registry.npmjs.org/@rollup%2frollup-linux-arm64-gnu 309ms (cache miss)
1381 silly packumentCache full:https://registry.npmjs.org/@rollup%2frollup-linux-arm64-gnu set size:undefined disposed:false
1382 silly fetch manifest @rollup/rollup-linux-x64-musl@4.60.4
1383 silly packumentCache full:https://registry.npmjs.org/@rollup%2frollup-linux-x64-musl cache-miss
1384 http fetch GET 200 https://registry.npmjs.org/@rollup%2frollup-freebsd-x64 44ms (cache miss)
1385 silly packumentCache full:https://registry.npmjs.org/@rollup%2frollup-freebsd-x64 set size:undefined disposed:false
1386 silly fetch manifest @rollup/rollup-openbsd-x64@4.60.4
1387 silly packumentCache full:https://registry.npmjs.org/@rollup%2frollup-openbsd-x64 cache-miss
1388 http fetch GET 200 https://registry.npmjs.org/@rollup%2frollup-linux-x64-gnu 56ms (cache miss)
1389 silly packumentCache full:https://registry.npmjs.org/@rollup%2frollup-linux-x64-gnu set size:undefined disposed:false
1390 silly fetch manifest @rollup/rollup-openharmony-arm64@4.60.4
1391 silly packumentCache full:https://registry.npmjs.org/@rollup%2frollup-openharmony-arm64 cache-miss
1392 http fetch GET 200 https://registry.npmjs.org/@rollup%2frollup-linux-x64-musl 64ms (cache miss)
1393 silly packumentCache full:https://registry.npmjs.org/@rollup%2frollup-linux-x64-musl set size:undefined disposed:false
1394 http fetch GET 200 https://registry.npmjs.org/@rollup%2frollup-darwin-x64 223ms (cache miss)
1395 silly packumentCache full:https://registry.npmjs.org/@rollup%2frollup-darwin-x64 set size:undefined disposed:false
1396 http fetch GET 200 https://registry.npmjs.org/@rollup%2frollup-linux-riscv64-gnu 315ms (cache miss)
1397 silly packumentCache full:https://registry.npmjs.org/@rollup%2frollup-linux-riscv64-gnu set size:undefined disposed:false
1398 http fetch GET 200 https://registry.npmjs.org/@rollup%2frollup-linux-ppc64-musl 276ms (cache miss)
1399 silly packumentCache full:https://registry.npmjs.org/@rollup%2frollup-linux-ppc64-musl set size:undefined disposed:false
1400 http fetch GET 200 https://registry.npmjs.org/@rollup%2frollup-openharmony-arm64 207ms (cache miss)
1401 silly packumentCache full:https://registry.npmjs.org/@rollup%2frollup-openharmony-arm64 set size:undefined disposed:false
1402 http fetch GET 200 https://registry.npmjs.org/@rollup%2frollup-win32-x64-msvc 300ms (cache miss)
1403 silly packumentCache full:https://registry.npmjs.org/@rollup%2frollup-win32-x64-msvc set size:undefined disposed:false
1404 http fetch GET 200 https://registry.npmjs.org/@rollup%2frollup-openbsd-x64 289ms (cache miss)
1405 silly packumentCache full:https://registry.npmjs.org/@rollup%2frollup-openbsd-x64 set size:undefined disposed:false
1406 silly placeDep ROOT @esbuild/aix-ppc64@0.27.7 OK for: esbuild@0.27.7 want: 0.27.7
1407 silly placeDep ROOT @esbuild/android-arm@0.27.7 OK for: esbuild@0.27.7 want: 0.27.7
1408 silly placeDep ROOT @esbuild/android-arm64@0.27.7 OK for: esbuild@0.27.7 want: 0.27.7
1409 silly placeDep ROOT @esbuild/android-x64@0.27.7 OK for: esbuild@0.27.7 want: 0.27.7
1410 silly placeDep ROOT @esbuild/darwin-arm64@0.27.7 OK for: esbuild@0.27.7 want: 0.27.7
1411 silly placeDep ROOT @esbuild/darwin-x64@0.27.7 OK for: esbuild@0.27.7 want: 0.27.7
1412 silly placeDep ROOT @esbuild/freebsd-arm64@0.27.7 OK for: esbuild@0.27.7 want: 0.27.7
1413 silly placeDep ROOT @esbuild/freebsd-x64@0.27.7 OK for: esbuild@0.27.7 want: 0.27.7
1414 silly placeDep ROOT @esbuild/linux-arm@0.27.7 OK for: esbuild@0.27.7 want: 0.27.7
1415 silly placeDep ROOT @esbuild/linux-arm64@0.27.7 OK for: esbuild@0.27.7 want: 0.27.7
1416 silly placeDep ROOT @esbuild/linux-ia32@0.27.7 OK for: esbuild@0.27.7 want: 0.27.7
1417 silly placeDep ROOT @esbuild/linux-loong64@0.27.7 OK for: esbuild@0.27.7 want: 0.27.7
1418 silly placeDep ROOT @esbuild/linux-mips64el@0.27.7 OK for: esbuild@0.27.7 want: 0.27.7
1419 silly placeDep ROOT @esbuild/linux-ppc64@0.27.7 OK for: esbuild@0.27.7 want: 0.27.7
1420 silly placeDep ROOT @esbuild/linux-riscv64@0.27.7 OK for: esbuild@0.27.7 want: 0.27.7
1421 silly placeDep ROOT @esbuild/linux-s390x@0.27.7 OK for: esbuild@0.27.7 want: 0.27.7
1422 silly placeDep ROOT @esbuild/linux-x64@0.27.7 OK for: esbuild@0.27.7 want: 0.27.7
1423 silly placeDep ROOT @esbuild/netbsd-arm64@0.27.7 OK for: esbuild@0.27.7 want: 0.27.7
1424 silly placeDep ROOT @esbuild/netbsd-x64@0.27.7 OK for: esbuild@0.27.7 want: 0.27.7
1425 silly placeDep ROOT @esbuild/openbsd-arm64@0.27.7 OK for: esbuild@0.27.7 want: 0.27.7
1426 silly placeDep ROOT @esbuild/openbsd-x64@0.27.7 OK for: esbuild@0.27.7 want: 0.27.7
1427 silly placeDep ROOT @esbuild/openharmony-arm64@0.27.7 OK for: esbuild@0.27.7 want: 0.27.7
1428 silly placeDep ROOT @esbuild/sunos-x64@0.27.7 OK for: esbuild@0.27.7 want: 0.27.7
1429 silly placeDep ROOT @esbuild/win32-arm64@0.27.7 OK for: esbuild@0.27.7 want: 0.27.7
1430 silly placeDep ROOT @esbuild/win32-ia32@0.27.7 OK for: esbuild@0.27.7 want: 0.27.7
1431 silly placeDep ROOT @esbuild/win32-x64@0.27.7 OK for: esbuild@0.27.7 want: 0.27.7
1432 silly placeDep ROOT nanoid@3.3.12 OK for: postcss@8.5.15 want: ^3.3.12
1433 silly placeDep ROOT @rollup/rollup-android-arm-eabi@4.60.4 OK for: rollup@4.60.4 want: 4.60.4
1434 silly placeDep ROOT @rollup/rollup-android-arm64@4.60.4 OK for: rollup@4.60.4 want: 4.60.4
1435 silly placeDep ROOT @rollup/rollup-darwin-arm64@4.60.4 OK for: rollup@4.60.4 want: 4.60.4
1436 silly placeDep ROOT @rollup/rollup-darwin-x64@4.60.4 OK for: rollup@4.60.4 want: 4.60.4
1437 silly placeDep ROOT @rollup/rollup-freebsd-arm64@4.60.4 OK for: rollup@4.60.4 want: 4.60.4
1438 silly placeDep ROOT @rollup/rollup-freebsd-x64@4.60.4 OK for: rollup@4.60.4 want: 4.60.4
1439 silly placeDep ROOT @rollup/rollup-linux-arm-gnueabihf@4.60.4 OK for: rollup@4.60.4 want: 4.60.4
1440 silly placeDep ROOT @rollup/rollup-linux-arm-musleabihf@4.60.4 OK for: rollup@4.60.4 want: 4.60.4
1441 silly placeDep ROOT @rollup/rollup-linux-arm64-gnu@4.60.4 OK for: rollup@4.60.4 want: 4.60.4
1442 silly placeDep ROOT @rollup/rollup-linux-arm64-musl@4.60.4 OK for: rollup@4.60.4 want: 4.60.4
1443 silly placeDep ROOT @rollup/rollup-linux-loong64-gnu@4.60.4 OK for: rollup@4.60.4 want: 4.60.4
1444 silly placeDep ROOT @rollup/rollup-linux-loong64-musl@4.60.4 OK for: rollup@4.60.4 want: 4.60.4
1445 silly placeDep ROOT @rollup/rollup-linux-ppc64-gnu@4.60.4 OK for: rollup@4.60.4 want: 4.60.4
1446 silly placeDep ROOT @rollup/rollup-linux-ppc64-musl@4.60.4 OK for: rollup@4.60.4 want: 4.60.4
1447 silly placeDep ROOT @rollup/rollup-linux-riscv64-gnu@4.60.4 OK for: rollup@4.60.4 want: 4.60.4
1448 silly placeDep ROOT @rollup/rollup-linux-riscv64-musl@4.60.4 OK for: rollup@4.60.4 want: 4.60.4
1449 silly placeDep ROOT @rollup/rollup-linux-s390x-gnu@4.60.4 OK for: rollup@4.60.4 want: 4.60.4
1450 silly placeDep ROOT @rollup/rollup-linux-x64-gnu@4.60.4 OK for: rollup@4.60.4 want: 4.60.4
1451 silly placeDep ROOT @rollup/rollup-linux-x64-musl@4.60.4 OK for: rollup@4.60.4 want: 4.60.4
1452 silly placeDep ROOT @rollup/rollup-openbsd-x64@4.60.4 OK for: rollup@4.60.4 want: 4.60.4
1453 silly placeDep ROOT @rollup/rollup-openharmony-arm64@4.60.4 OK for: rollup@4.60.4 want: 4.60.4
1454 silly placeDep ROOT @rollup/rollup-win32-arm64-msvc@4.60.4 OK for: rollup@4.60.4 want: 4.60.4
1455 silly placeDep ROOT @rollup/rollup-win32-ia32-msvc@4.60.4 OK for: rollup@4.60.4 want: 4.60.4
1456 silly placeDep ROOT @rollup/rollup-win32-x64-gnu@4.60.4 OK for: rollup@4.60.4 want: 4.60.4
1457 silly placeDep ROOT @rollup/rollup-win32-x64-msvc@4.60.4 OK for: rollup@4.60.4 want: 4.60.4
1458 silly placeDep node_modules/rollup @types/estree@1.0.8 OK for: rollup@4.60.4 want: 1.0.8
1459 silly placeDep ROOT @rollup/pluginutils@4.2.1 OK for: vite-plugin-html@3.2.2 want: ^4.2.0
1460 silly placeDep ROOT colorette@2.0.20 OK for: vite-plugin-html@3.2.2 want: ^2.0.16
1461 silly placeDep ROOT connect-history-api-fallback@1.6.0 OK for: vite-plugin-html@3.2.2 want: ^1.6.0
1462 silly placeDep ROOT consola@2.15.3 OK for: vite-plugin-html@3.2.2 want: ^2.15.3
1463 silly placeDep ROOT dotenv@16.6.1 OK for: vite-plugin-html@3.2.2 want: ^16.0.0
1464 silly placeDep ROOT dotenv-expand@8.0.3 OK for: vite-plugin-html@3.2.2 want: ^8.0.2
1465 silly placeDep ROOT ejs@3.1.10 OK for: vite-plugin-html@3.2.2 want: ^3.1.6
1466 silly placeDep ROOT fast-glob@3.3.3 OK for: vite-plugin-html@3.2.2 want: ^3.2.11
1467 silly placeDep ROOT fs-extra@10.1.0 OK for: vite-plugin-html@3.2.2 want: ^10.0.1
1468 silly placeDep ROOT html-minifier-terser@6.1.0 OK for: vite-plugin-html@3.2.2 want: ^6.1.0
1469 silly placeDep ROOT node-html-parser@5.4.2 OK for: vite-plugin-html@3.2.2 want: ^5.3.3
1470 silly placeDep ROOT pathe@0.2.0 OK for: vite-plugin-html@3.2.2 want: ^0.2.0
1471 silly fetch manifest picomatch@^2.2.2
1472 silly packumentCache full:https://registry.npmjs.org/picomatch cache-hit
1473 silly fetch manifest estree-walker@^2.0.1
1474 silly packumentCache full:https://registry.npmjs.org/estree-walker cache-miss
1475 silly fetch manifest jake@^10.8.5
1476 silly packumentCache full:https://registry.npmjs.org/jake cache-miss
1477 silly fetch manifest @nodelib/fs.stat@^2.0.2
1478 silly packumentCache full:https://registry.npmjs.org/@nodelib%2ffs.stat cache-miss
1479 silly fetch manifest @nodelib/fs.walk@^1.2.3
1480 silly packumentCache full:https://registry.npmjs.org/@nodelib%2ffs.walk cache-miss
1481 silly fetch manifest glob-parent@^5.1.2
1482 silly packumentCache full:https://registry.npmjs.org/glob-parent cache-miss
1483 silly fetch manifest merge2@^1.3.0
1484 silly packumentCache full:https://registry.npmjs.org/merge2 cache-miss
1485 silly fetch manifest micromatch@^4.0.8
1486 silly packumentCache full:https://registry.npmjs.org/micromatch cache-miss
1487 http cache https://registry.npmjs.org/glob-parent 12ms (cache hit)
1488 silly packumentCache full:https://registry.npmjs.org/glob-parent set size:42445 disposed:false
1489 silly fetch manifest jsonfile@^6.0.1
1490 silly packumentCache full:https://registry.npmjs.org/jsonfile cache-miss
1491 http fetch GET 200 https://registry.npmjs.org/estree-walker 39ms (cache miss)
1492 silly packumentCache full:https://registry.npmjs.org/estree-walker set size:undefined disposed:false
1493 silly fetch manifest graceful-fs@^4.2.0
1494 silly packumentCache full:https://registry.npmjs.org/graceful-fs cache-miss
1495 http fetch GET 200 https://registry.npmjs.org/merge2 73ms (cache miss)
1496 silly packumentCache full:https://registry.npmjs.org/merge2 set size:undefined disposed:false
1497 silly fetch manifest universalify@^2.0.0
1498 silly packumentCache full:https://registry.npmjs.org/universalify cache-miss
1499 http fetch GET 200 https://registry.npmjs.org/jake 82ms (cache miss)
1500 silly packumentCache full:https://registry.npmjs.org/jake set size:undefined disposed:false
1501 silly fetch manifest camel-case@^4.1.2
1502 silly packumentCache full:https://registry.npmjs.org/camel-case cache-miss
1503 http fetch GET 200 https://registry.npmjs.org/jsonfile 76ms (cache miss)
1504 silly packumentCache full:https://registry.npmjs.org/jsonfile set size:undefined disposed:false
1505 silly fetch manifest clean-css@^5.2.2
1506 silly packumentCache full:https://registry.npmjs.org/clean-css cache-miss
1507 http fetch GET 200 https://registry.npmjs.org/@nodelib%2ffs.stat 93ms (cache miss)
1508 silly packumentCache full:https://registry.npmjs.org/@nodelib%2ffs.stat set size:undefined disposed:false
1509 silly fetch manifest commander@^8.3.0
1510 silly packumentCache full:https://registry.npmjs.org/commander cache-miss
1511 http fetch GET 200 https://registry.npmjs.org/@nodelib%2ffs.walk 96ms (cache miss)
1512 silly packumentCache full:https://registry.npmjs.org/@nodelib%2ffs.walk set size:undefined disposed:false
1513 silly fetch manifest he@^1.2.0
1514 silly packumentCache full:https://registry.npmjs.org/he cache-miss
1515 http fetch GET 200 https://registry.npmjs.org/micromatch 111ms (cache miss)
1516 silly packumentCache full:https://registry.npmjs.org/micromatch set size:undefined disposed:false
1517 silly fetch manifest param-case@^3.0.4
1518 silly packumentCache full:https://registry.npmjs.org/param-case cache-miss
1519 http fetch GET 200 https://registry.npmjs.org/graceful-fs 79ms (cache miss)
1520 silly packumentCache full:https://registry.npmjs.org/graceful-fs set size:undefined disposed:false
1521 silly fetch manifest relateurl@^0.2.7
1522 silly packumentCache full:https://registry.npmjs.org/relateurl cache-miss
1523 http fetch GET 200 https://registry.npmjs.org/universalify 60ms (cache miss)
1524 silly packumentCache full:https://registry.npmjs.org/universalify set size:undefined disposed:false
1525 silly fetch manifest terser@^5.10.0
1526 silly packumentCache full:https://registry.npmjs.org/terser cache-miss
1527 http fetch GET 200 https://registry.npmjs.org/camel-case 60ms (cache miss)
1528 silly packumentCache full:https://registry.npmjs.org/camel-case set size:undefined disposed:false
1529 silly fetch manifest he@1.2.0
1530 silly packumentCache full:https://registry.npmjs.org/he cache-miss
1531 http fetch GET 200 https://registry.npmjs.org/he 74ms (cache miss)
1532 silly packumentCache full:https://registry.npmjs.org/he set size:undefined disposed:false
1533 silly fetch manifest css-select@^4.2.1
1534 silly packumentCache full:https://registry.npmjs.org/css-select cache-miss
1535 http fetch GET 200 https://registry.npmjs.org/param-case 58ms (cache miss)
1536 silly packumentCache full:https://registry.npmjs.org/param-case set size:undefined disposed:false
1537 http cache https://registry.npmjs.org/terser 48ms (cache hit)
1538 silly packumentCache full:https://registry.npmjs.org/terser set size:803566 disposed:false
1539 http fetch GET 200 https://registry.npmjs.org/relateurl 70ms (cache miss)
1540 silly packumentCache full:https://registry.npmjs.org/relateurl set size:undefined disposed:false
1541 http fetch GET 200 https://registry.npmjs.org/he 55ms (cache miss)
1542 silly packumentCache full:https://registry.npmjs.org/he set size:undefined disposed:false
1543 http fetch GET 200 https://registry.npmjs.org/commander 111ms (cache miss)
1544 silly packumentCache full:https://registry.npmjs.org/commander set size:undefined disposed:false
1545 http fetch GET 200 https://registry.npmjs.org/clean-css 124ms (cache miss)
1546 silly packumentCache full:https://registry.npmjs.org/clean-css set size:undefined disposed:false
1547 http fetch GET 200 https://registry.npmjs.org/css-select 54ms (cache miss)
1548 silly packumentCache full:https://registry.npmjs.org/css-select set size:undefined disposed:false
1549 silly placeDep ROOT estree-walker@2.0.2 OK for: @rollup/pluginutils@4.2.1 want: ^2.0.1
1550 silly placeDep node_modules/@rollup/pluginutils picomatch@2.3.2 OK for: @rollup/pluginutils@4.2.1 want: ^2.2.2
1551 silly placeDep ROOT jake@10.9.4 OK for: ejs@3.1.10 want: ^10.8.5
1552 silly fetch manifest async@^3.2.6
1553 silly packumentCache full:https://registry.npmjs.org/async cache-miss
1554 silly fetch manifest filelist@^1.0.4
1555 silly packumentCache full:https://registry.npmjs.org/filelist cache-miss
1556 http fetch GET 200 https://registry.npmjs.org/filelist 28ms (cache miss)
1557 silly packumentCache full:https://registry.npmjs.org/filelist set size:undefined disposed:false
1558 http fetch GET 200 https://registry.npmjs.org/async 39ms (cache miss)
1559 silly packumentCache full:https://registry.npmjs.org/async set size:undefined disposed:false
1560 silly placeDep ROOT @nodelib/fs.stat@2.0.5 OK for: fast-glob@3.3.3 want: ^2.0.2
1561 silly placeDep ROOT @nodelib/fs.walk@1.2.8 OK for: fast-glob@3.3.3 want: ^1.2.3
1562 silly placeDep node_modules/fast-glob glob-parent@5.1.2 OK for: fast-glob@3.3.3 want: ^5.1.2
1563 silly placeDep ROOT merge2@1.4.1 OK for: fast-glob@3.3.3 want: ^1.3.0
1564 silly placeDep ROOT micromatch@4.0.8 OK for: fast-glob@3.3.3 want: ^4.0.8
1565 silly fetch manifest fastq@^1.6.0
1566 silly packumentCache full:https://registry.npmjs.org/fastq cache-miss
1567 silly fetch manifest @nodelib/fs.scandir@2.1.5
1568 silly packumentCache full:https://registry.npmjs.org/@nodelib%2ffs.scandir cache-miss
1569 silly fetch manifest braces@^3.0.3
1570 silly packumentCache full:https://registry.npmjs.org/braces cache-miss
1571 silly fetch manifest picomatch@^2.3.1
1572 silly packumentCache full:https://registry.npmjs.org/picomatch cache-hit
1573 http fetch GET 200 https://registry.npmjs.org/braces 33ms (cache miss)
1574 silly packumentCache full:https://registry.npmjs.org/braces set size:undefined disposed:false
1575 http fetch GET 200 https://registry.npmjs.org/fastq 39ms (cache miss)
1576 silly packumentCache full:https://registry.npmjs.org/fastq set size:undefined disposed:false
1577 http fetch GET 200 https://registry.npmjs.org/@nodelib%2ffs.scandir 51ms (cache miss)
1578 silly packumentCache full:https://registry.npmjs.org/@nodelib%2ffs.scandir set size:undefined disposed:false
1579 silly placeDep ROOT @nodelib/fs.scandir@2.1.5 OK for: @nodelib/fs.walk@1.2.8 want: 2.1.5
1580 silly placeDep ROOT fastq@1.20.1 OK for: @nodelib/fs.walk@1.2.8 want: ^1.6.0
1581 silly fetch manifest run-parallel@^1.1.9
1582 silly packumentCache full:https://registry.npmjs.org/run-parallel cache-miss
1583 silly fetch manifest reusify@^1.0.4
1584 silly packumentCache full:https://registry.npmjs.org/reusify cache-miss
1585 http fetch GET 200 https://registry.npmjs.org/reusify 28ms (cache miss)
1586 silly packumentCache full:https://registry.npmjs.org/reusify set size:undefined disposed:false
1587 http fetch GET 200 https://registry.npmjs.org/run-parallel 32ms (cache miss)
1588 silly packumentCache full:https://registry.npmjs.org/run-parallel set size:undefined disposed:false
1589 silly placeDep ROOT run-parallel@1.2.0 OK for: @nodelib/fs.scandir@2.1.5 want: ^1.1.9
1590 silly fetch manifest queue-microtask@^1.2.2
1591 silly packumentCache full:https://registry.npmjs.org/queue-microtask cache-miss
1592 http fetch GET 200 https://registry.npmjs.org/queue-microtask 27ms (cache miss)
1593 silly packumentCache full:https://registry.npmjs.org/queue-microtask set size:undefined disposed:false
1594 silly placeDep ROOT reusify@1.1.0 OK for: fastq@1.20.1 want: ^1.0.4
1595 silly placeDep ROOT graceful-fs@4.2.11 OK for: fs-extra@10.1.0 want: ^4.2.0
1596 silly placeDep ROOT jsonfile@6.2.1 OK for: fs-extra@10.1.0 want: ^6.0.1
1597 silly placeDep ROOT universalify@2.0.1 OK for: fs-extra@10.1.0 want: ^2.0.0
1598 silly placeDep ROOT camel-case@4.1.2 OK for: html-minifier-terser@6.1.0 want: ^4.1.2
1599 silly placeDep ROOT clean-css@5.3.3 OK for: html-minifier-terser@6.1.0 want: ^5.2.2
1600 silly placeDep ROOT commander@8.3.0 OK for: html-minifier-terser@6.1.0 want: ^8.3.0
1601 silly placeDep ROOT he@1.2.0 OK for: html-minifier-terser@6.1.0 want: ^1.2.0
1602 silly placeDep ROOT param-case@3.0.4 OK for: html-minifier-terser@6.1.0 want: ^3.0.4
1603 silly placeDep ROOT relateurl@0.2.7 OK for: html-minifier-terser@6.1.0 want: ^0.2.7
1604 silly placeDep ROOT terser@5.48.0 OK for: html-minifier-terser@6.1.0 want: ^5.10.0
1605 silly fetch manifest pascal-case@^3.1.2
1606 silly packumentCache full:https://registry.npmjs.org/pascal-case cache-miss
1607 silly fetch manifest tslib@^2.0.3
1608 silly packumentCache full:https://registry.npmjs.org/tslib cache-miss
1609 silly fetch manifest source-map@~0.6.0
1610 silly packumentCache full:https://registry.npmjs.org/source-map cache-miss
1611 silly fetch manifest dot-case@^3.0.4
1612 silly packumentCache full:https://registry.npmjs.org/dot-case cache-miss
1613 silly fetch manifest tslib@^2.0.3
1614 silly packumentCache full:https://registry.npmjs.org/tslib cache-miss
1615 silly fetch manifest @jridgewell/source-map@^0.3.3
1616 silly packumentCache full:https://registry.npmjs.org/@jridgewell%2fsource-map cache-miss
1617 silly fetch manifest commander@^2.20.0
1618 silly packumentCache full:https://registry.npmjs.org/commander cache-miss
1619 http cache https://registry.npmjs.org/commander 12ms (cache hit)
1620 silly packumentCache full:https://registry.npmjs.org/commander set size:306288 disposed:false
1621 silly fetch manifest source-map-support@~0.5.20
1622 silly packumentCache full:https://registry.npmjs.org/source-map-support cache-miss
1623 http fetch GET 200 https://registry.npmjs.org/pascal-case 41ms (cache miss)
1624 silly packumentCache full:https://registry.npmjs.org/pascal-case set size:undefined disposed:false
1625 http fetch GET 200 https://registry.npmjs.org/dot-case 42ms (cache miss)
1626 silly packumentCache full:https://registry.npmjs.org/dot-case set size:undefined disposed:false
1627 http fetch GET 200 https://registry.npmjs.org/tslib 59ms (cache miss)
1628 silly packumentCache full:https://registry.npmjs.org/tslib set size:undefined disposed:false
1629 http fetch GET 200 https://registry.npmjs.org/tslib 65ms (cache miss)
1630 silly packumentCache full:https://registry.npmjs.org/tslib set size:undefined disposed:false
1631 http fetch GET 200 https://registry.npmjs.org/@jridgewell%2fsource-map 69ms (cache miss)
1632 silly packumentCache full:https://registry.npmjs.org/@jridgewell%2fsource-map set size:undefined disposed:false
1633 http fetch GET 200 https://registry.npmjs.org/source-map 75ms (cache miss)
1634 silly packumentCache full:https://registry.npmjs.org/source-map set size:undefined disposed:false
1635 http fetch GET 200 https://registry.npmjs.org/source-map-support 64ms (cache miss)
1636 silly packumentCache full:https://registry.npmjs.org/source-map-support set size:undefined disposed:false
1637 silly placeDep ROOT pascal-case@3.1.2 OK for: camel-case@4.1.2 want: ^3.1.2
1638 silly placeDep ROOT tslib@2.8.1 OK for: camel-case@4.1.2 want: ^2.0.3
1639 silly fetch manifest no-case@^3.0.4
1640 silly packumentCache full:https://registry.npmjs.org/no-case cache-miss
1641 http fetch GET 200 https://registry.npmjs.org/no-case 26ms (cache miss)
1642 silly packumentCache full:https://registry.npmjs.org/no-case set size:undefined disposed:false
1643 silly placeDep ROOT source-map@0.6.1 OK for: clean-css@5.3.3 want: ~0.6.0
1644 silly placeDep ROOT async@3.2.6 OK for: jake@10.9.4 want: ^3.2.6
1645 silly placeDep ROOT filelist@1.0.6 OK for: jake@10.9.4 want: ^1.0.4
1646 silly fetch manifest minimatch@^5.0.1
1647 silly packumentCache full:https://registry.npmjs.org/minimatch cache-hit
1648 silly placeDep node_modules/filelist minimatch@5.1.9 OK for: filelist@1.0.6 want: ^5.0.1
1649 silly fetch manifest brace-expansion@^2.0.1
1650 silly packumentCache full:https://registry.npmjs.org/brace-expansion cache-hit
1651 silly placeDep ROOT braces@3.0.3 OK for: micromatch@4.0.8 want: ^3.0.3
1652 silly placeDep node_modules/micromatch picomatch@2.3.2 OK for: micromatch@4.0.8 want: ^2.3.1
1653 silly fetch manifest fill-range@^7.1.1
1654 silly packumentCache full:https://registry.npmjs.org/fill-range cache-miss
1655 http fetch GET 200 https://registry.npmjs.org/fill-range 26ms (cache miss)
1656 silly packumentCache full:https://registry.npmjs.org/fill-range set size:undefined disposed:false
1657 silly placeDep ROOT fill-range@7.1.1 OK for: braces@3.0.3 want: ^7.1.1
1658 silly fetch manifest to-regex-range@^5.0.1
1659 silly packumentCache full:https://registry.npmjs.org/to-regex-range cache-miss
1660 http fetch GET 200 https://registry.npmjs.org/to-regex-range 29ms (cache miss)
1661 silly packumentCache full:https://registry.npmjs.org/to-regex-range set size:undefined disposed:false
1662 silly placeDep ROOT to-regex-range@5.0.1 OK for: fill-range@7.1.1 want: ^5.0.1
1663 silly fetch manifest is-number@^7.0.0
1664 silly packumentCache full:https://registry.npmjs.org/is-number cache-miss
1665 http fetch GET 200 https://registry.npmjs.org/is-number 32ms (cache miss)
1666 silly packumentCache full:https://registry.npmjs.org/is-number set size:undefined disposed:false
1667 silly placeDep ROOT css-select@4.3.0 OK for: node-html-parser@5.4.2 want: ^4.2.1
1668 silly fetch manifest boolbase@^1.0.0
1669 silly packumentCache full:https://registry.npmjs.org/boolbase cache-miss
1670 silly fetch manifest css-what@^6.0.1
1671 silly packumentCache full:https://registry.npmjs.org/css-what cache-miss
1672 silly fetch manifest domutils@^2.8.0
1673 silly packumentCache full:https://registry.npmjs.org/domutils cache-miss
1674 silly fetch manifest nth-check@^2.0.1
1675 silly packumentCache full:https://registry.npmjs.org/nth-check cache-miss
1676 silly fetch manifest domhandler@^4.3.1
1677 silly packumentCache full:https://registry.npmjs.org/domhandler cache-miss
1678 http fetch GET 200 https://registry.npmjs.org/nth-check 42ms (cache miss)
1679 silly packumentCache full:https://registry.npmjs.org/nth-check set size:undefined disposed:false
1680 http fetch GET 200 https://registry.npmjs.org/boolbase 46ms (cache miss)
1681 silly packumentCache full:https://registry.npmjs.org/boolbase set size:undefined disposed:false
1682 http fetch GET 200 https://registry.npmjs.org/domhandler 56ms (cache miss)
1683 silly packumentCache full:https://registry.npmjs.org/domhandler set size:undefined disposed:false
1684 http fetch GET 200 https://registry.npmjs.org/css-what 60ms (cache miss)
1685 silly packumentCache full:https://registry.npmjs.org/css-what set size:undefined disposed:false
1686 http fetch GET 200 https://registry.npmjs.org/domutils 66ms (cache miss)
1687 silly packumentCache full:https://registry.npmjs.org/domutils set size:undefined disposed:false
1688 silly placeDep ROOT boolbase@1.0.0 OK for: css-select@4.3.0 want: ^1.0.0
1689 silly placeDep ROOT css-what@6.2.2 OK for: css-select@4.3.0 want: ^6.0.1
1690 silly placeDep ROOT domhandler@4.3.1 OK for: css-select@4.3.0 want: ^4.3.1
1691 silly placeDep ROOT domutils@2.8.0 OK for: css-select@4.3.0 want: ^2.8.0
1692 silly placeDep ROOT nth-check@2.1.1 OK for: css-select@4.3.0 want: ^2.0.1
1693 silly fetch manifest domelementtype@^2.2.0
1694 silly packumentCache full:https://registry.npmjs.org/domelementtype cache-miss
1695 silly fetch manifest dom-serializer@^1.0.1
1696 silly packumentCache full:https://registry.npmjs.org/dom-serializer cache-miss
1697 silly fetch manifest domelementtype@^2.2.0
1698 silly packumentCache full:https://registry.npmjs.org/domelementtype cache-miss
1699 http fetch GET 200 https://registry.npmjs.org/domelementtype 29ms (cache miss)
1700 silly packumentCache full:https://registry.npmjs.org/domelementtype set size:undefined disposed:false
1701 http fetch GET 200 https://registry.npmjs.org/domelementtype 30ms (cache miss)
1702 silly packumentCache full:https://registry.npmjs.org/domelementtype set size:undefined disposed:false
1703 http fetch GET 200 https://registry.npmjs.org/dom-serializer 41ms (cache miss)
1704 silly packumentCache full:https://registry.npmjs.org/dom-serializer set size:undefined disposed:false
1705 silly placeDep ROOT domelementtype@2.3.0 OK for: domhandler@4.3.1 want: ^2.2.0
1706 silly placeDep ROOT dom-serializer@1.4.1 OK for: domutils@2.8.0 want: ^1.0.1
1707 silly fetch manifest entities@^2.0.0
1708 silly packumentCache full:https://registry.npmjs.org/entities cache-miss
1709 http fetch GET 200 https://registry.npmjs.org/entities 33ms (cache miss)
1710 silly packumentCache full:https://registry.npmjs.org/entities set size:undefined disposed:false
1711 silly placeDep ROOT entities@2.2.0 OK for: dom-serializer@1.4.1 want: ^2.0.0
1712 silly placeDep ROOT dot-case@3.0.4 OK for: param-case@3.0.4 want: ^3.0.4
1713 silly placeDep ROOT no-case@3.0.4 OK for: dot-case@3.0.4 want: ^3.0.4
1714 silly fetch manifest lower-case@^2.0.2
1715 silly packumentCache full:https://registry.npmjs.org/lower-case cache-miss
1716 http fetch GET 200 https://registry.npmjs.org/lower-case 25ms (cache miss)
1717 silly packumentCache full:https://registry.npmjs.org/lower-case set size:undefined disposed:false
1718 silly placeDep ROOT lower-case@2.0.2 OK for: no-case@3.0.4 want: ^2.0.2
1719 silly placeDep ROOT queue-microtask@1.2.3 OK for: run-parallel@1.2.0 want: ^1.2.2
1720 silly placeDep ROOT @jridgewell/source-map@0.3.11 OK for: terser@5.48.0 want: ^0.3.3
1721 silly placeDep node_modules/terser commander@2.20.3 OK for: terser@5.48.0 want: ^2.20.0
1722 silly placeDep ROOT source-map-support@0.5.21 OK for: terser@5.48.0 want: ~0.5.20
1723 silly fetch manifest buffer-from@^1.0.0
1724 silly packumentCache full:https://registry.npmjs.org/buffer-from cache-miss
1725 http fetch GET 200 https://registry.npmjs.org/buffer-from 28ms (cache miss)
1726 silly packumentCache full:https://registry.npmjs.org/buffer-from set size:undefined disposed:false
1727 silly placeDep ROOT buffer-from@1.1.2 OK for: source-map-support@0.5.21 want: ^1.0.0
1728 silly placeDep ROOT is-number@7.0.0 OK for: to-regex-range@5.0.1 want: ^7.0.0
1729 silly fetch manifest rollup@^1.20.0||^2.0.0||^3.0.0||^4.0.0
1730 silly packumentCache full:https://registry.npmjs.org/rollup cache-miss
1731 http cache https://registry.npmjs.org/rollup 20ms (cache hit)
1732 silly packumentCache full:https://registry.npmjs.org/rollup set size:6193699 disposed:false
1733 silly placeDep node_modules/vite-plugin-svgr @rollup/pluginutils@5.3.0 OK for: vite-plugin-svgr@4.5.0 want: ^5.2.0
1734 silly placeDep ROOT @svgr/core@8.1.0 OK for: vite-plugin-svgr@4.5.0 want: ^8.1.0
1735 silly placeDep ROOT @svgr/plugin-jsx@8.1.0 OK for: vite-plugin-svgr@4.5.0 want: ^8.1.0
1736 silly fetch manifest @svgr/babel-preset@8.1.0
1737 silly packumentCache full:https://registry.npmjs.org/@svgr%2fbabel-preset cache-miss
1738 silly fetch manifest camelcase@^6.2.0
1739 silly packumentCache full:https://registry.npmjs.org/camelcase cache-miss
1740 silly fetch manifest cosmiconfig@^8.1.3
1741 silly packumentCache full:https://registry.npmjs.org/cosmiconfig cache-miss
1742 silly fetch manifest snake-case@^3.0.4
1743 silly packumentCache full:https://registry.npmjs.org/snake-case cache-miss
1744 silly fetch manifest @svgr/babel-preset@8.1.0
1745 silly packumentCache full:https://registry.npmjs.org/@svgr%2fbabel-preset cache-miss
1746 silly fetch manifest @svgr/hast-util-to-babel-ast@8.0.0
1747 silly packumentCache full:https://registry.npmjs.org/@svgr%2fhast-util-to-babel-ast cache-miss
1748 silly fetch manifest svg-parser@^2.0.4
1749 silly packumentCache full:https://registry.npmjs.org/svg-parser cache-miss
1750 http fetch GET 200 https://registry.npmjs.org/camelcase 38ms (cache miss)
1751 silly packumentCache full:https://registry.npmjs.org/camelcase set size:undefined disposed:false
1752 http fetch GET 200 https://registry.npmjs.org/svg-parser 46ms (cache miss)
1753 silly packumentCache full:https://registry.npmjs.org/svg-parser set size:undefined disposed:false
1754 http fetch GET 200 https://registry.npmjs.org/cosmiconfig 61ms (cache miss)
1755 silly packumentCache full:https://registry.npmjs.org/cosmiconfig set size:undefined disposed:false
1756 http fetch GET 200 https://registry.npmjs.org/@svgr%2fbabel-preset 76ms (cache miss)
1757 silly packumentCache full:https://registry.npmjs.org/@svgr%2fbabel-preset set size:undefined disposed:false
1758 http fetch GET 200 https://registry.npmjs.org/@svgr%2fbabel-preset 78ms (cache miss)
1759 silly packumentCache full:https://registry.npmjs.org/@svgr%2fbabel-preset set size:undefined disposed:false
1760 http fetch GET 200 https://registry.npmjs.org/@svgr%2fhast-util-to-babel-ast 79ms (cache miss)
1761 silly packumentCache full:https://registry.npmjs.org/@svgr%2fhast-util-to-babel-ast set size:undefined disposed:false
1762 http fetch GET 200 https://registry.npmjs.org/snake-case 199ms (cache miss)
1763 silly packumentCache full:https://registry.npmjs.org/snake-case set size:undefined disposed:false
1764 silly fetch manifest @babel/core@^7.21.3
1765 silly packumentCache full:https://registry.npmjs.org/@babel%2fcore cache-hit
1766 silly fetch manifest typescript@>=4.9.5
1767 silly packumentCache full:https://registry.npmjs.org/typescript cache-miss
1768 http cache https://registry.npmjs.org/typescript 40ms (cache hit)
1769 silly packumentCache full:https://registry.npmjs.org/typescript set size:15409943 disposed:false
1770 silly placeDep ROOT @svgr/babel-preset@8.1.0 OK for: @svgr/core@8.1.0 want: 8.1.0
1771 silly placeDep ROOT camelcase@6.3.0 OK for: @svgr/core@8.1.0 want: ^6.2.0
1772 silly placeDep ROOT cosmiconfig@8.3.6 OK for: @svgr/core@8.1.0 want: ^8.1.3
1773 silly placeDep ROOT snake-case@3.0.4 OK for: @svgr/core@8.1.0 want: ^3.0.4
1774 silly fetch manifest @svgr/babel-plugin-add-jsx-attribute@8.0.0
1775 silly packumentCache full:https://registry.npmjs.org/@svgr%2fbabel-plugin-add-jsx-attribute cache-miss
1776 silly fetch manifest @svgr/babel-plugin-remove-jsx-attribute@8.0.0
1777 silly packumentCache full:https://registry.npmjs.org/@svgr%2fbabel-plugin-remove-jsx-attribute cache-miss
1778 silly fetch manifest @svgr/babel-plugin-remove-jsx-empty-expression@8.0.0
1779 silly packumentCache full:https://registry.npmjs.org/@svgr%2fbabel-plugin-remove-jsx-empty-expression cache-miss
1780 silly fetch manifest @svgr/babel-plugin-replace-jsx-attribute-value@8.0.0
1781 silly packumentCache full:https://registry.npmjs.org/@svgr%2fbabel-plugin-replace-jsx-attribute-value cache-miss
1782 silly fetch manifest @svgr/babel-plugin-svg-dynamic-title@8.0.0
1783 silly packumentCache full:https://registry.npmjs.org/@svgr%2fbabel-plugin-svg-dynamic-title cache-miss
1784 silly fetch manifest @svgr/babel-plugin-svg-em-dimensions@8.0.0
1785 silly packumentCache full:https://registry.npmjs.org/@svgr%2fbabel-plugin-svg-em-dimensions cache-miss
1786 silly fetch manifest @svgr/babel-plugin-transform-react-native-svg@8.1.0
1787 silly packumentCache full:https://registry.npmjs.org/@svgr%2fbabel-plugin-transform-react-native-svg cache-miss
1788 http fetch GET 200 https://registry.npmjs.org/@svgr%2fbabel-plugin-add-jsx-attribute 105ms (cache miss)
1789 silly packumentCache full:https://registry.npmjs.org/@svgr%2fbabel-plugin-add-jsx-attribute set size:undefined disposed:false
1790 silly fetch manifest @svgr/babel-plugin-transform-svg-component@8.0.0
1791 silly packumentCache full:https://registry.npmjs.org/@svgr%2fbabel-plugin-transform-svg-component cache-miss
1792 http fetch GET 200 https://registry.npmjs.org/@svgr%2fbabel-plugin-svg-dynamic-title 108ms (cache miss)
1793 silly packumentCache full:https://registry.npmjs.org/@svgr%2fbabel-plugin-svg-dynamic-title set size:undefined disposed:false
1794 silly fetch manifest path-type@^4.0.0
1795 silly packumentCache full:https://registry.npmjs.org/path-type cache-miss
1796 http fetch GET 200 https://registry.npmjs.org/@svgr%2fbabel-plugin-svg-em-dimensions 110ms (cache miss)
1797 silly packumentCache full:https://registry.npmjs.org/@svgr%2fbabel-plugin-svg-em-dimensions set size:undefined disposed:false
1798 silly fetch manifest parse-json@^5.2.0
1799 silly packumentCache full:https://registry.npmjs.org/parse-json cache-miss
1800 http fetch GET 200 https://registry.npmjs.org/@svgr%2fbabel-plugin-remove-jsx-attribute 117ms (cache miss)
1801 silly packumentCache full:https://registry.npmjs.org/@svgr%2fbabel-plugin-remove-jsx-attribute set size:undefined disposed:false
1802 http fetch GET 200 https://registry.npmjs.org/@svgr%2fbabel-plugin-remove-jsx-empty-expression 119ms (cache miss)
1803 silly packumentCache full:https://registry.npmjs.org/@svgr%2fbabel-plugin-remove-jsx-empty-expression set size:undefined disposed:false
1804 http fetch GET 200 https://registry.npmjs.org/@svgr%2fbabel-plugin-transform-react-native-svg 119ms (cache miss)
1805 silly packumentCache full:https://registry.npmjs.org/@svgr%2fbabel-plugin-transform-react-native-svg set size:undefined disposed:false
1806 http fetch GET 200 https://registry.npmjs.org/@svgr%2fbabel-plugin-replace-jsx-attribute-value 123ms (cache miss)
1807 silly packumentCache full:https://registry.npmjs.org/@svgr%2fbabel-plugin-replace-jsx-attribute-value set size:undefined disposed:false
1808 http fetch GET 200 https://registry.npmjs.org/parse-json 32ms (cache miss)
1809 silly packumentCache full:https://registry.npmjs.org/parse-json set size:undefined disposed:false
1810 http fetch GET 200 https://registry.npmjs.org/path-type 37ms (cache miss)
1811 silly packumentCache full:https://registry.npmjs.org/path-type set size:undefined disposed:false
1812 http fetch GET 200 https://registry.npmjs.org/@svgr%2fbabel-plugin-transform-svg-component 51ms (cache miss)
1813 silly packumentCache full:https://registry.npmjs.org/@svgr%2fbabel-plugin-transform-svg-component set size:undefined disposed:false
1814 silly fetch manifest @babel/core@^7.0.0-0
1815 silly packumentCache full:https://registry.npmjs.org/@babel%2fcore cache-hit
1816 silly placeDep ROOT @svgr/babel-plugin-add-jsx-attribute@8.0.0 OK for: @svgr/babel-preset@8.1.0 want: 8.0.0
1817 silly placeDep ROOT @svgr/babel-plugin-remove-jsx-attribute@8.0.0 OK for: @svgr/babel-preset@8.1.0 want: 8.0.0
1818 silly placeDep ROOT @svgr/babel-plugin-remove-jsx-empty-expression@8.0.0 OK for: @svgr/babel-preset@8.1.0 want: 8.0.0
1819 silly placeDep ROOT @svgr/babel-plugin-replace-jsx-attribute-value@8.0.0 OK for: @svgr/babel-preset@8.1.0 want: 8.0.0
1820 silly placeDep ROOT @svgr/babel-plugin-svg-dynamic-title@8.0.0 OK for: @svgr/babel-preset@8.1.0 want: 8.0.0
1821 silly placeDep ROOT @svgr/babel-plugin-svg-em-dimensions@8.0.0 OK for: @svgr/babel-preset@8.1.0 want: 8.0.0
1822 silly placeDep ROOT @svgr/babel-plugin-transform-react-native-svg@8.1.0 OK for: @svgr/babel-preset@8.1.0 want: 8.1.0
1823 silly placeDep ROOT @svgr/babel-plugin-transform-svg-component@8.0.0 OK for: @svgr/babel-preset@8.1.0 want: 8.0.0
1824 silly placeDep ROOT @svgr/hast-util-to-babel-ast@8.0.0 OK for: @svgr/plugin-jsx@8.1.0 want: 8.0.0
1825 silly placeDep ROOT svg-parser@2.0.4 OK for: @svgr/plugin-jsx@8.1.0 want: ^2.0.4
1826 silly fetch manifest entities@^4.4.0
1827 silly packumentCache full:https://registry.npmjs.org/entities cache-miss
1828 http cache https://registry.npmjs.org/entities 8ms (cache hit)
1829 silly packumentCache full:https://registry.npmjs.org/entities set size:101550 disposed:false
1830 silly placeDep node_modules/@svgr/hast-util-to-babel-ast entities@4.5.0 OK for: @svgr/hast-util-to-babel-ast@8.0.0 want: ^4.4.0
1831 silly placeDep ROOT parse-json@5.2.0 OK for: cosmiconfig@8.3.6 want: ^5.2.0
1832 silly placeDep ROOT path-type@4.0.0 OK for: cosmiconfig@8.3.6 want: ^4.0.0
1833 silly fetch manifest error-ex@^1.3.1
1834 silly packumentCache full:https://registry.npmjs.org/error-ex cache-miss
1835 silly fetch manifest lines-and-columns@^1.1.6
1836 silly packumentCache full:https://registry.npmjs.org/lines-and-columns cache-miss
1837 silly fetch manifest json-parse-even-better-errors@^2.3.0
1838 silly packumentCache full:https://registry.npmjs.org/json-parse-even-better-errors cache-miss
1839 http fetch GET 200 https://registry.npmjs.org/error-ex 29ms (cache miss)
1840 silly packumentCache full:https://registry.npmjs.org/error-ex set size:undefined disposed:false
1841 http fetch GET 200 https://registry.npmjs.org/json-parse-even-better-errors 38ms (cache miss)
1842 silly packumentCache full:https://registry.npmjs.org/json-parse-even-better-errors set size:undefined disposed:false
1843 http fetch GET 200 https://registry.npmjs.org/lines-and-columns 43ms (cache miss)
1844 silly packumentCache full:https://registry.npmjs.org/lines-and-columns set size:undefined disposed:false
1845 silly placeDep ROOT error-ex@1.3.4 OK for: parse-json@5.2.0 want: ^1.3.1
1846 silly placeDep ROOT json-parse-even-better-errors@2.3.1 OK for: parse-json@5.2.0 want: ^2.3.0
1847 silly placeDep ROOT lines-and-columns@1.2.4 OK for: parse-json@5.2.0 want: ^1.1.6
1848 silly fetch manifest is-arrayish@^0.2.1
1849 silly packumentCache full:https://registry.npmjs.org/is-arrayish cache-miss
1850 http fetch GET 200 https://registry.npmjs.org/is-arrayish 30ms (cache miss)
1851 silly packumentCache full:https://registry.npmjs.org/is-arrayish set size:undefined disposed:false
1852 silly placeDep ROOT is-arrayish@0.2.1 OK for: error-ex@1.3.4 want: ^0.2.1
1853 silly placeDep ROOT isexe@2.0.0 OK for: which@2.0.2 want: ^2.0.0
1854 silly placeDep node_modules/@typescript-eslint/typescript-estree brace-expansion@5.0.6 OK for: minimatch@10.2.5 want: ^5.0.5
1855 silly fetch manifest balanced-match@^4.0.2
1856 silly packumentCache full:https://registry.npmjs.org/balanced-match cache-miss
1857 http cache https://registry.npmjs.org/balanced-match 6ms (cache hit)
1858 silly packumentCache full:https://registry.npmjs.org/balanced-match set size:39082 disposed:false
1859 silly placeDep node_modules/@typescript-eslint/typescript-estree balanced-match@4.0.4 OK for: brace-expansion@5.0.6 want: ^4.0.2
1860 silly placeDep node_modules/filelist brace-expansion@2.1.0 OK for: minimatch@5.1.9 want: ^2.0.1
1861 silly reify moves {}
1862 silly audit bulk request {
1862 silly audit   '@eslint/js': [ '9.39.4' ],
1862 silly audit   '@types/eslint': [ '8.56.12' ],
1862 silly audit   '@types/node': [ '24.12.4' ],
1862 silly audit   '@types/react': [ '19.2.15' ],
1862 silly audit   '@types/react-dom': [ '19.2.3' ],
1862 silly audit   '@vitejs/plugin-react': [ '4.7.0' ],
1862 silly audit   vite: [ '7.3.3' ],
1862 silly audit   dayjs: [ '1.11.20' ],
1862 silly audit   eslint: [ '9.39.4' ],
1862 silly audit   'eslint-plugin-react-hooks': [ '5.2.0' ],
1862 silly audit   'eslint-plugin-react-refresh': [ '0.4.26' ],
1862 silly audit   prettier: [ '3.8.3' ],
1862 silly audit   react: [ '19.2.6' ],
1862 silly audit   'react-dom': [ '19.2.6' ],
1862 silly audit   sass: [ '1.100.0' ],
1862 silly audit   typescript: [ '4.9.5' ],
1862 silly audit   'typescript-eslint': [ '8.59.4' ],
1862 silly audit   'vite-plugin-html': [ '3.2.2' ],
1862 silly audit   'vite-plugin-svgr': [ '4.5.0' ],
1862 silly audit   '@types/estree': [ '1.0.9', '1.0.8' ],
1862 silly audit   '@types/json-schema': [ '7.0.15' ],
1862 silly audit   'undici-types': [ '7.16.0' ],
1862 silly audit   csstype: [ '3.2.3' ],
1862 silly audit   '@babel/core': [ '7.29.0' ],
1862 silly audit   '@babel/plugin-transform-react-jsx-self': [ '7.27.1' ],
1862 silly audit   '@babel/plugin-transform-react-jsx-source': [ '7.27.1' ],
1862 silly audit   '@rolldown/pluginutils': [ '1.0.0-beta.27' ],
1862 silly audit   '@types/babel__core': [ '7.20.5' ],
1862 silly audit   'react-refresh': [ '0.17.0' ],
1862 silly audit   '@babel/code-frame': [ '7.29.0' ],
1862 silly audit   '@babel/generator': [ '7.29.1' ],
1862 silly audit   '@babel/helper-compilation-targets': [ '7.28.6' ],
1862 silly audit   '@babel/helper-module-transforms': [ '7.28.6' ],
1862 silly audit   '@babel/helpers': [ '7.29.2' ],
1862 silly audit   '@babel/parser': [ '7.29.3' ],
1862 silly audit   '@babel/template': [ '7.28.6' ],
1862 silly audit   '@babel/traverse': [ '7.29.0' ],
1862 silly audit   '@babel/types': [ '7.29.0' ],
1862 silly audit   '@jridgewell/remapping': [ '2.3.5' ],
1862 silly audit   'convert-source-map': [ '2.0.0' ],
1862 silly audit   debug: [ '4.4.3' ],
1862 silly audit   gensync: [ '1.0.0-beta.2' ],
1862 silly audit   json5: [ '2.2.3' ],
1862 silly audit   semver: [ '6.3.1', '7.8.1' ],
1862 silly audit   '@babel/helper-validator-identifier': [ '7.28.5' ],
1862 silly audit   'js-tokens': [ '4.0.0' ],
1862 silly audit   picocolors: [ '1.1.1' ],
1862 silly audit   '@jridgewell/gen-mapping': [ '0.3.13' ],
1862 silly audit   '@jridgewell/trace-mapping': [ '0.3.31' ],
1862 silly audit   jsesc: [ '3.1.0' ],
1862 silly audit   '@babel/compat-data': [ '7.29.3' ],
1862 silly audit   '@babel/helper-validator-option': [ '7.27.1' ],
1862 silly audit   browserslist: [ '4.28.2' ],
1862 silly audit   'lru-cache': [ '5.1.1' ],
1862 silly audit   '@babel/helper-module-imports': [ '7.28.6' ],
1862 silly audit   '@babel/helper-plugin-utils': [ '7.28.6' ],
1862 silly audit   '@babel/helper-globals': [ '7.28.0' ],
1862 silly audit   '@babel/helper-string-parser': [ '7.27.1' ],
1862 silly audit   '@jridgewell/sourcemap-codec': [ '1.5.5' ],
1862 silly audit   '@jridgewell/resolve-uri': [ '3.1.2' ],
1862 silly audit   '@types/babel__generator': [ '7.27.0' ],
1862 silly audit   '@types/babel__template': [ '7.4.4' ],
1862 silly audit   '@types/babel__traverse': [ '7.28.0' ],
1862 silly audit   'baseline-browser-mapping': [ '2.10.32' ],
1862 silly audit   'caniuse-lite': [ '1.0.30001793' ],
1862 silly audit   'electron-to-chromium': [ '1.5.361' ],
1862 silly audit   'node-releases': [ '2.0.46' ],
1862 silly audit   'update-browserslist-db': [ '1.2.3' ],
1862 silly audit   ms: [ '2.1.3' ],
1862 silly audit   '@eslint-community/eslint-utils': [ '4.9.1' ],
1862 silly audit   '@eslint-community/regexpp': [ '4.12.2' ],
1862 silly audit   '@eslint/config-array': [ '0.21.2' ],
1862 silly audit   '@eslint/config-helpers': [ '0.4.2' ],
1862 silly audit   '@eslint/core': [ '0.17.0' ],
1862 silly audit   '@eslint/eslintrc': [ '3.3.5' ],
1862 silly audit   '@eslint/plugin-kit': [ '0.4.1' ],
1862 silly audit   '@humanfs/node': [ '0.16.8' ],
1862 silly audit   '@humanwhocodes/module-importer': [ '1.0.1' ],
1862 silly audit   '@humanwhocodes/retry': [ '0.4.3' ],
1862 silly audit   ajv: [ '6.15.0' ],
1862 silly audit   chalk: [ '4.1.2' ],
1862 silly audit   'cross-spawn': [ '7.0.6' ],
1862 silly audit   'escape-string-regexp': [ '4.0.0' ],
1862 silly audit   'eslint-scope': [ '8.4.0' ],
1862 silly audit   'eslint-visitor-keys': [ '4.2.1', '3.4.3', '5.0.1' ],
1862 silly audit   espree: [ '10.4.0' ],
1862 silly audit   esquery: [ '1.7.0' ],
1862 silly audit   esutils: [ '2.0.3' ],
1862 silly audit   'fast-deep-equal': [ '3.1.3' ],
1862 silly audit   'file-entry-cache': [ '8.0.0' ],
1862 silly audit   'find-up': [ '5.0.0' ],
1862 silly audit   'glob-parent': [ '6.0.2', '5.1.2' ],
1862 silly audit   ignore: [ '5.3.2', '7.0.5' ],
1862 silly audit   imurmurhash: [ '0.1.4' ],
1862 silly audit   'is-glob': [ '4.0.3' ],
1862 silly audit   'json-stable-stringify-without-jsonify': [ '1.0.1' ],
1862 silly audit   'lodash.merge': [ '4.6.2' ],
1862 silly audit   minimatch: [ '3.1.5', '10.2.5', '5.1.9' ],
1862 silly audit   'natural-compare': [ '1.4.0' ],
1862 silly audit   optionator: [ '0.9.4' ],
1862 silly audit   '@eslint/object-schema': [ '2.1.7' ],
1862 silly audit   globals: [ '14.0.0' ],
1862 silly audit   'import-fresh': [ '3.3.1' ],
1862 silly audit   'js-yaml': [ '4.1.1' ],
1862 silly audit   'strip-json-comments': [ '3.1.1' ],
1862 silly audit   levn: [ '0.4.1' ],
1862 silly audit   '@humanfs/core': [ '0.19.2' ],
1862 silly audit   '@humanfs/types': [ '0.15.0' ],
1862 silly audit   'fast-json-stable-stringify': [ '2.1.0' ],
1862 silly audit   'json-schema-traverse': [ '0.4.1' ],
1862 silly audit   'uri-js': [ '4.4.1' ],
1862 silly audit   'ansi-styles': [ '4.3.0' ],
1862 silly audit   'supports-color': [ '7.2.0' ],
1862 silly audit   'color-convert': [ '2.0.1' ],
1862 silly audit   'color-name': [ '1.1.4' ],
1862 silly audit   'path-key': [ '3.1.1' ],
1862 silly audit   'shebang-command': [ '2.0.0' ],
1862 silly audit   which: [ '2.0.2' ],
1862 silly audit   esrecurse: [ '4.3.0' ],
1862 silly audit   estraverse: [ '5.3.0' ],
1862 silly audit   acorn: [ '8.16.0' ],
1862 silly audit   'acorn-jsx': [ '5.3.2' ],
1862 silly audit   'flat-cache': [ '4.0.1' ],
1862 silly audit   'locate-path': [ '6.0.0' ],
1862 silly audit   'path-exists': [ '4.0.0' ],
1862 silly audit   flatted: [ '3.4.2' ],
1862 silly audit   keyv: [ '4.5.4' ],
1862 silly audit   'parent-module': [ '1.0.1' ],
1862 silly audit   'resolve-from': [ '4.0.0' ],
1862 silly audit   'is-extglob': [ '2.1.1' ],
1862 silly audit   argparse: [ '2.0.1' ],
1862 silly audit   'json-buffer': [ '3.0.1' ],
1862 silly audit   'prelude-ls': [ '1.2.1' ],
1862 silly audit   'type-check': [ '0.4.0' ],
1862 silly audit   'p-locate': [ '5.0.0' ],
1862 silly audit   yallist: [ '3.1.1' ],
1862 silly audit   'brace-expansion': [ '1.1.14', '5.0.6', '2.1.0' ],
1862 silly audit   'balanced-match': [ '1.0.2', '4.0.4' ],
1862 silly audit   'concat-map': [ '0.0.1' ],
1862 silly audit   'deep-is': [ '0.1.4' ],
1862 silly audit   'fast-levenshtein': [ '2.0.6' ],
1862 silly audit   'word-wrap': [ '1.2.5' ],
1862 silly audit   'p-limit': [ '3.1.0' ],
1862 silly audit   'yocto-queue': [ '0.1.0' ],
1862 silly audit   callsites: [ '3.1.0' ],
1862 silly audit   scheduler: [ '0.27.0' ],
1862 silly audit   '@parcel/watcher': [ '2.5.6' ],
1862 silly audit   chokidar: [ '5.0.0' ],
1862 silly audit   immutable: [ '5.1.5' ],
1862 silly audit   'source-map-js': [ '1.2.1' ],
1862 silly audit   '@parcel/watcher-android-arm64': [ '2.5.6' ],
1862 silly audit   '@parcel/watcher-darwin-arm64': [ '2.5.6' ],
1862 silly audit   '@parcel/watcher-darwin-x64': [ '2.5.6' ],
1862 silly audit   '@parcel/watcher-freebsd-x64': [ '2.5.6' ],
1862 silly audit   '@parcel/watcher-linux-arm-glibc': [ '2.5.6' ],
1862 silly audit   '@parcel/watcher-linux-arm-musl': [ '2.5.6' ],
1862 silly audit   '@parcel/watcher-linux-arm64-glibc': [ '2.5.6' ],
1862 silly audit   '@parcel/watcher-linux-arm64-musl': [ '2.5.6' ],
1862 silly audit   '@parcel/watcher-linux-x64-glibc': [ '2.5.6' ],
1862 silly audit   '@parcel/watcher-linux-x64-musl': [ '2.5.6' ],
1862 silly audit   '@parcel/watcher-win32-arm64': [ '2.5.6' ],
1862 silly audit   '@parcel/watcher-win32-ia32': [ '2.5.6' ],
1862 silly audit   '@parcel/watcher-win32-x64': [ '2.5.6' ],
1862 silly audit   'detect-libc': [ '2.1.2' ],
1862 silly audit   'node-addon-api': [ '7.1.1' ],
1862 silly audit   picomatch: [ '4.0.4', '2.3.2' ],
1862 silly audit   readdirp: [ '5.0.0' ],
1862 silly audit   'shebang-regex': [ '3.0.0' ],
1862 silly audit   'has-flag': [ '4.0.0' ],
1862 silly audit   '@typescript-eslint/eslint-plugin': [ '8.59.4' ],
1862 silly audit   '@typescript-eslint/parser': [ '8.59.4' ],
1862 silly audit   '@typescript-eslint/typescript-estree': [ '8.59.4' ],
1862 silly audit   '@typescript-eslint/utils': [ '8.59.4' ],
1862 silly audit   '@typescript-eslint/scope-manager': [ '8.59.4' ],
1862 silly audit   '@typescript-eslint/type-utils': [ '8.59.4' ],
1862 silly audit   '@typescript-eslint/visitor-keys': [ '8.59.4' ],
1862 silly audit   'ts-api-utils': [ '2.5.0' ],
1862 silly audit   '@typescript-eslint/types': [ '8.59.4' ],
1862 silly audit   '@typescript-eslint/project-service': [ '8.59.4' ],
1862 silly audit   '@typescript-eslint/tsconfig-utils': [ '8.59.4' ],
1862 silly audit   tinyglobby: [ '0.2.16' ],
1862 silly audit   fdir: [ '6.5.0' ],
1862 silly audit   escalade: [ '3.2.0' ],
1862 silly audit   punycode: [ '2.3.1' ],
1862 silly audit   esbuild: [ '0.27.7' ],
1862 silly audit   fsevents: [ '2.3.3' ],
1862 silly audit   postcss: [ '8.5.15' ],
1862 silly audit   rollup: [ '4.60.4' ],
1862 silly audit   '@esbuild/aix-ppc64': [ '0.27.7' ],
1862 silly audit   '@esbuild/android-arm': [ '0.27.7' ],
1862 silly audit   '@esbuild/android-arm64': [ '0.27.7' ],
1862 silly audit   '@esbuild/android-x64': [ '0.27.7' ],
1862 silly audit   '@esbuild/darwin-arm64': [ '0.27.7' ],
1862 silly audit   '@esbuild/darwin-x64': [ '0.27.7' ],
1862 silly audit   '@esbuild/freebsd-arm64': [ '0.27.7' ],
1862 silly audit   '@esbuild/freebsd-x64': [ '0.27.7' ],
1862 silly audit   '@esbuild/linux-arm': [ '0.27.7' ],
1862 silly audit   '@esbuild/linux-arm64': [ '0.27.7' ],
1862 silly audit   '@esbuild/linux-ia32': [ '0.27.7' ],
1862 silly audit   '@esbuild/linux-loong64': [ '0.27.7' ],
1862 silly audit   '@esbuild/linux-mips64el': [ '0.27.7' ],
1862 silly audit   '@esbuild/linux-ppc64': [ '0.27.7' ],
1862 silly audit   '@esbuild/linux-riscv64': [ '0.27.7' ],
1862 silly audit   '@esbuild/linux-s390x': [ '0.27.7' ],
1862 silly audit   '@esbuild/linux-x64': [ '0.27.7' ],
1862 silly audit   '@esbuild/netbsd-arm64': [ '0.27.7' ],
1862 silly audit   '@esbuild/netbsd-x64': [ '0.27.7' ],
1862 silly audit   '@esbuild/openbsd-arm64': [ '0.27.7' ],
1862 silly audit   '@esbuild/openbsd-x64': [ '0.27.7' ],
1862 silly audit   '@esbuild/openharmony-arm64': [ '0.27.7' ],
1862 silly audit   '@esbuild/sunos-x64': [ '0.27.7' ],
1862 silly audit   '@esbuild/win32-arm64': [ '0.27.7' ],
1862 silly audit   '@esbuild/win32-ia32': [ '0.27.7' ],
1862 silly audit   '@esbuild/win32-x64': [ '0.27.7' ],
1862 silly audit   nanoid: [ '3.3.12' ],
1862 silly audit   '@rollup/rollup-android-arm-eabi': [ '4.60.4' ],
1862 silly audit   '@rollup/rollup-android-arm64': [ '4.60.4' ],
1862 silly audit   '@rollup/rollup-darwin-arm64': [ '4.60.4' ],
1862 silly audit   '@rollup/rollup-darwin-x64': [ '4.60.4' ],
1862 silly audit   '@rollup/rollup-freebsd-arm64': [ '4.60.4' ],
1862 silly audit   '@rollup/rollup-freebsd-x64': [ '4.60.4' ],
1862 silly audit   '@rollup/rollup-linux-arm-gnueabihf': [ '4.60.4' ],
1862 silly audit   '@rollup/rollup-linux-arm-musleabihf': [ '4.60.4' ],
1862 silly audit   '@rollup/rollup-linux-arm64-gnu': [ '4.60.4' ],
1862 silly audit   '@rollup/rollup-linux-arm64-musl': [ '4.60.4' ],
1862 silly audit   '@rollup/rollup-linux-loong64-gnu': [ '4.60.4' ],
1862 silly audit   '@rollup/rollup-linux-loong64-musl': [ '4.60.4' ],
1862 silly audit   '@rollup/rollup-linux-ppc64-gnu': [ '4.60.4' ],
1862 silly audit   '@rollup/rollup-linux-ppc64-musl': [ '4.60.4' ],
1862 silly audit   '@rollup/rollup-linux-riscv64-gnu': [ '4.60.4' ],
1862 silly audit   '@rollup/rollup-linux-riscv64-musl': [ '4.60.4' ],
1862 silly audit   '@rollup/rollup-linux-s390x-gnu': [ '4.60.4' ],
1862 silly audit   '@rollup/rollup-linux-x64-gnu': [ '4.60.4' ],
1862 silly audit   '@rollup/rollup-linux-x64-musl': [ '4.60.4' ],
1862 silly audit   '@rollup/rollup-openbsd-x64': [ '4.60.4' ],
1862 silly audit   '@rollup/rollup-openharmony-arm64': [ '4.60.4' ],
1862 silly audit   '@rollup/rollup-win32-arm64-msvc': [ '4.60.4' ],
1862 silly audit   '@rollup/rollup-win32-ia32-msvc': [ '4.60.4' ],
1862 silly audit   '@rollup/rollup-win32-x64-gnu': [ '4.60.4' ],
1862 silly audit   '@rollup/rollup-win32-x64-msvc': [ '4.60.4' ],
1862 silly audit   '@rollup/pluginutils': [ '4.2.1', '5.3.0' ],
1862 silly audit   colorette: [ '2.0.20' ],
1862 silly audit   'connect-history-api-fallback': [ '1.6.0' ],
1862 silly audit   consola: [ '2.15.3' ],
1862 silly audit   dotenv: [ '16.6.1' ],
1862 silly audit   'dotenv-expand': [ '8.0.3' ],
1862 silly audit   ejs: [ '3.1.10' ],
1862 silly audit   'fast-glob': [ '3.3.3' ],
1862 silly audit   'fs-extra': [ '10.1.0' ],
1862 silly audit   'html-minifier-terser': [ '6.1.0' ],
1862 silly audit   'node-html-parser': [ '5.4.2' ],
1862 silly audit   pathe: [ '0.2.0' ],
1862 silly audit   'estree-walker': [ '2.0.2' ],
1862 silly audit   jake: [ '10.9.4' ],
1862 silly audit   '@nodelib/fs.stat': [ '2.0.5' ],
1862 silly audit   '@nodelib/fs.walk': [ '1.2.8' ],
1862 silly audit   merge2: [ '1.4.1' ],
1862 silly audit   micromatch: [ '4.0.8' ],
1862 silly audit   '@nodelib/fs.scandir': [ '2.1.5' ],
1862 silly audit   fastq: [ '1.20.1' ],
1862 silly audit   'run-parallel': [ '1.2.0' ],
1862 silly audit   reusify: [ '1.1.0' ],
1862 silly audit   'graceful-fs': [ '4.2.11' ],
1862 silly audit   jsonfile: [ '6.2.1' ],
1862 silly audit   universalify: [ '2.0.1' ],
1862 silly audit   'camel-case': [ '4.1.2' ],
1862 silly audit   'clean-css': [ '5.3.3' ],
1862 silly audit   commander: [ '8.3.0', '2.20.3' ],
1862 silly audit   he: [ '1.2.0' ],
1862 silly audit   'param-case': [ '3.0.4' ],
1862 silly audit   relateurl: [ '0.2.7' ],
1862 silly audit   terser: [ '5.48.0' ],
1862 silly audit   'pascal-case': [ '3.1.2' ],
1862 silly audit   tslib: [ '2.8.1' ],
1862 silly audit   'source-map': [ '0.6.1' ],
1862 silly audit   async: [ '3.2.6' ],
1862 silly audit   filelist: [ '1.0.6' ],
1862 silly audit   braces: [ '3.0.3' ],
1862 silly audit   'fill-range': [ '7.1.1' ],
1862 silly audit   'to-regex-range': [ '5.0.1' ],
1862 silly audit   'css-select': [ '4.3.0' ],
1862 silly audit   boolbase: [ '1.0.0' ],
1862 silly audit   'css-what': [ '6.2.2' ],
1862 silly audit   domhandler: [ '4.3.1' ],
1862 silly audit   domutils: [ '2.8.0' ],
1862 silly audit   'nth-check': [ '2.1.1' ],
1862 silly audit   domelementtype: [ '2.3.0' ],
1862 silly audit   'dom-serializer': [ '1.4.1' ],
1862 silly audit   entities: [ '2.2.0', '4.5.0' ],
1862 silly audit   'dot-case': [ '3.0.4' ],
1862 silly audit   'no-case': [ '3.0.4' ],
1862 silly audit   'lower-case': [ '2.0.2' ],
1862 silly audit   'queue-microtask': [ '1.2.3' ],
1862 silly audit   '@jridgewell/source-map': [ '0.3.11' ],
1862 silly audit   'source-map-support': [ '0.5.21' ],
1862 silly audit   'buffer-from': [ '1.1.2' ],
1862 silly audit   'is-number': [ '7.0.0' ],
1862 silly audit   '@svgr/core': [ '8.1.0' ],
1862 silly audit   '@svgr/plugin-jsx': [ '8.1.0' ],
1862 silly audit   '@svgr/babel-preset': [ '8.1.0' ],
1862 silly audit   camelcase: [ '6.3.0' ],
1862 silly audit   cosmiconfig: [ '8.3.6' ],
1862 silly audit   'snake-case': [ '3.0.4' ],
1862 silly audit   '@svgr/babel-plugin-add-jsx-attribute': [ '8.0.0' ],
1862 silly audit   '@svgr/babel-plugin-remove-jsx-attribute': [ '8.0.0' ],
1862 silly audit   '@svgr/babel-plugin-remove-jsx-empty-expression': [ '8.0.0' ],
1862 silly audit   '@svgr/babel-plugin-replace-jsx-attribute-value': [ '8.0.0' ],
1862 silly audit   '@svgr/babel-plugin-svg-dynamic-title': [ '8.0.0' ],
1862 silly audit   '@svgr/babel-plugin-svg-em-dimensions': [ '8.0.0' ],
1862 silly audit   '@svgr/babel-plugin-transform-react-native-svg': [ '8.1.0' ],
1862 silly audit   '@svgr/babel-plugin-transform-svg-component': [ '8.0.0' ],
1862 silly audit   '@svgr/hast-util-to-babel-ast': [ '8.0.0' ],
1862 silly audit   'svg-parser': [ '2.0.4' ],
1862 silly audit   'parse-json': [ '5.2.0' ],
1862 silly audit   'path-type': [ '4.0.0' ],
1862 silly audit   'error-ex': [ '1.3.4' ],
1862 silly audit   'json-parse-even-better-errors': [ '2.3.1' ],
1862 silly audit   'lines-and-columns': [ '1.2.4' ],
1862 silly audit   'is-arrayish': [ '0.2.1' ],
1862 silly audit   isexe: [ '2.0.0' ]
1862 silly audit }
1863 verbose reify failed optional dependency /home/psk0610/node_modules/@rollup/rollup-win32-x64-msvc
1864 silly reify mark deleted [ '/home/psk0610/node_modules/@rollup/rollup-win32-x64-msvc' ]
1865 verbose reify failed optional dependency /home/psk0610/node_modules/@rollup/rollup-win32-x64-gnu
1866 silly reify mark deleted [ '/home/psk0610/node_modules/@rollup/rollup-win32-x64-gnu' ]
1867 verbose reify failed optional dependency /home/psk0610/node_modules/@rollup/rollup-win32-ia32-msvc
1868 silly reify mark deleted [ '/home/psk0610/node_modules/@rollup/rollup-win32-ia32-msvc' ]
1869 verbose reify failed optional dependency /home/psk0610/node_modules/@rollup/rollup-win32-arm64-msvc
1870 silly reify mark deleted [ '/home/psk0610/node_modules/@rollup/rollup-win32-arm64-msvc' ]
1871 verbose reify failed optional dependency /home/psk0610/node_modules/@rollup/rollup-openharmony-arm64
1872 silly reify mark deleted [ '/home/psk0610/node_modules/@rollup/rollup-openharmony-arm64' ]
1873 verbose reify failed optional dependency /home/psk0610/node_modules/@rollup/rollup-openbsd-x64
1874 silly reify mark deleted [ '/home/psk0610/node_modules/@rollup/rollup-openbsd-x64' ]
1875 verbose reify failed optional dependency /home/psk0610/node_modules/@rollup/rollup-linux-x64-musl
1876 silly reify mark deleted [ '/home/psk0610/node_modules/@rollup/rollup-linux-x64-musl' ]
1877 verbose reify failed optional dependency /home/psk0610/node_modules/@rollup/rollup-linux-s390x-gnu
1878 silly reify mark deleted [ '/home/psk0610/node_modules/@rollup/rollup-linux-s390x-gnu' ]
1879 verbose reify failed optional dependency /home/psk0610/node_modules/@rollup/rollup-linux-riscv64-musl
1880 silly reify mark deleted [ '/home/psk0610/node_modules/@rollup/rollup-linux-riscv64-musl' ]
1881 verbose reify failed optional dependency /home/psk0610/node_modules/@rollup/rollup-linux-riscv64-gnu
1882 silly reify mark deleted [ '/home/psk0610/node_modules/@rollup/rollup-linux-riscv64-gnu' ]
1883 verbose reify failed optional dependency /home/psk0610/node_modules/@rollup/rollup-linux-ppc64-musl
1884 silly reify mark deleted [ '/home/psk0610/node_modules/@rollup/rollup-linux-ppc64-musl' ]
1885 verbose reify failed optional dependency /home/psk0610/node_modules/@rollup/rollup-linux-ppc64-gnu
1886 silly reify mark deleted [ '/home/psk0610/node_modules/@rollup/rollup-linux-ppc64-gnu' ]
1887 verbose reify failed optional dependency /home/psk0610/node_modules/@rollup/rollup-linux-loong64-musl
1888 silly reify mark deleted [ '/home/psk0610/node_modules/@rollup/rollup-linux-loong64-musl' ]
1889 verbose reify failed optional dependency /home/psk0610/node_modules/@rollup/rollup-linux-loong64-gnu
1890 silly reify mark deleted [ '/home/psk0610/node_modules/@rollup/rollup-linux-loong64-gnu' ]
1891 verbose reify failed optional dependency /home/psk0610/node_modules/@rollup/rollup-linux-arm64-musl
1892 silly reify mark deleted [ '/home/psk0610/node_modules/@rollup/rollup-linux-arm64-musl' ]
1893 verbose reify failed optional dependency /home/psk0610/node_modules/@rollup/rollup-linux-arm64-gnu
1894 silly reify mark deleted [ '/home/psk0610/node_modules/@rollup/rollup-linux-arm64-gnu' ]
1895 verbose reify failed optional dependency /home/psk0610/node_modules/@rollup/rollup-linux-arm-musleabihf
1896 silly reify mark deleted [ '/home/psk0610/node_modules/@rollup/rollup-linux-arm-musleabihf' ]
1897 verbose reify failed optional dependency /home/psk0610/node_modules/@rollup/rollup-linux-arm-gnueabihf
1898 silly reify mark deleted [ '/home/psk0610/node_modules/@rollup/rollup-linux-arm-gnueabihf' ]
1899 verbose reify failed optional dependency /home/psk0610/node_modules/@rollup/rollup-freebsd-x64
1900 silly reify mark deleted [ '/home/psk0610/node_modules/@rollup/rollup-freebsd-x64' ]
1901 verbose reify failed optional dependency /home/psk0610/node_modules/@rollup/rollup-freebsd-arm64
1902 silly reify mark deleted [ '/home/psk0610/node_modules/@rollup/rollup-freebsd-arm64' ]
1903 verbose reify failed optional dependency /home/psk0610/node_modules/@rollup/rollup-darwin-x64
1904 silly reify mark deleted [ '/home/psk0610/node_modules/@rollup/rollup-darwin-x64' ]
1905 verbose reify failed optional dependency /home/psk0610/node_modules/@rollup/rollup-darwin-arm64
1906 silly reify mark deleted [ '/home/psk0610/node_modules/@rollup/rollup-darwin-arm64' ]
1907 verbose reify failed optional dependency /home/psk0610/node_modules/@rollup/rollup-android-arm64
1908 silly reify mark deleted [ '/home/psk0610/node_modules/@rollup/rollup-android-arm64' ]
1909 verbose reify failed optional dependency /home/psk0610/node_modules/@rollup/rollup-android-arm-eabi
1910 silly reify mark deleted [ '/home/psk0610/node_modules/@rollup/rollup-android-arm-eabi' ]
1911 verbose reify failed optional dependency /home/psk0610/node_modules/@esbuild/win32-x64
1912 silly reify mark deleted [ '/home/psk0610/node_modules/@esbuild/win32-x64' ]
1913 verbose reify failed optional dependency /home/psk0610/node_modules/@esbuild/win32-ia32
1914 silly reify mark deleted [ '/home/psk0610/node_modules/@esbuild/win32-ia32' ]
1915 verbose reify failed optional dependency /home/psk0610/node_modules/@esbuild/win32-arm64
1916 silly reify mark deleted [ '/home/psk0610/node_modules/@esbuild/win32-arm64' ]
1917 verbose reify failed optional dependency /home/psk0610/node_modules/@esbuild/sunos-x64
1918 silly reify mark deleted [ '/home/psk0610/node_modules/@esbuild/sunos-x64' ]
1919 verbose reify failed optional dependency /home/psk0610/node_modules/@esbuild/openharmony-arm64
1920 silly reify mark deleted [ '/home/psk0610/node_modules/@esbuild/openharmony-arm64' ]
1921 verbose reify failed optional dependency /home/psk0610/node_modules/@esbuild/openbsd-x64
1922 silly reify mark deleted [ '/home/psk0610/node_modules/@esbuild/openbsd-x64' ]
1923 verbose reify failed optional dependency /home/psk0610/node_modules/@esbuild/openbsd-arm64
1924 silly reify mark deleted [ '/home/psk0610/node_modules/@esbuild/openbsd-arm64' ]
1925 verbose reify failed optional dependency /home/psk0610/node_modules/@esbuild/netbsd-x64
1926 silly reify mark deleted [ '/home/psk0610/node_modules/@esbuild/netbsd-x64' ]
1927 verbose reify failed optional dependency /home/psk0610/node_modules/@esbuild/netbsd-arm64
1928 silly reify mark deleted [ '/home/psk0610/node_modules/@esbuild/netbsd-arm64' ]
1929 verbose reify failed optional dependency /home/psk0610/node_modules/@esbuild/linux-s390x
1930 silly reify mark deleted [ '/home/psk0610/node_modules/@esbuild/linux-s390x' ]
1931 verbose reify failed optional dependency /home/psk0610/node_modules/@esbuild/linux-riscv64
1932 silly reify mark deleted [ '/home/psk0610/node_modules/@esbuild/linux-riscv64' ]
1933 verbose reify failed optional dependency /home/psk0610/node_modules/@esbuild/linux-ppc64
1934 silly reify mark deleted [ '/home/psk0610/node_modules/@esbuild/linux-ppc64' ]
1935 verbose reify failed optional dependency /home/psk0610/node_modules/@esbuild/linux-mips64el
1936 silly reify mark deleted [ '/home/psk0610/node_modules/@esbuild/linux-mips64el' ]
1937 verbose reify failed optional dependency /home/psk0610/node_modules/@esbuild/linux-loong64
1938 silly reify mark deleted [ '/home/psk0610/node_modules/@esbuild/linux-loong64' ]
1939 verbose reify failed optional dependency /home/psk0610/node_modules/@esbuild/linux-ia32
1940 silly reify mark deleted [ '/home/psk0610/node_modules/@esbuild/linux-ia32' ]
1941 verbose reify failed optional dependency /home/psk0610/node_modules/@esbuild/linux-arm64
1942 silly reify mark deleted [ '/home/psk0610/node_modules/@esbuild/linux-arm64' ]
1943 verbose reify failed optional dependency /home/psk0610/node_modules/@esbuild/linux-arm
1944 silly reify mark deleted [ '/home/psk0610/node_modules/@esbuild/linux-arm' ]
1945 verbose reify failed optional dependency /home/psk0610/node_modules/@esbuild/freebsd-x64
1946 silly reify mark deleted [ '/home/psk0610/node_modules/@esbuild/freebsd-x64' ]
1947 verbose reify failed optional dependency /home/psk0610/node_modules/@esbuild/freebsd-arm64
1948 silly reify mark deleted [ '/home/psk0610/node_modules/@esbuild/freebsd-arm64' ]
1949 verbose reify failed optional dependency /home/psk0610/node_modules/@esbuild/darwin-x64
1950 silly reify mark deleted [ '/home/psk0610/node_modules/@esbuild/darwin-x64' ]
1951 verbose reify failed optional dependency /home/psk0610/node_modules/@esbuild/darwin-arm64
1952 silly reify mark deleted [ '/home/psk0610/node_modules/@esbuild/darwin-arm64' ]
1953 verbose reify failed optional dependency /home/psk0610/node_modules/@esbuild/android-x64
1954 silly reify mark deleted [ '/home/psk0610/node_modules/@esbuild/android-x64' ]
1955 verbose reify failed optional dependency /home/psk0610/node_modules/@esbuild/android-arm64
1956 silly reify mark deleted [ '/home/psk0610/node_modules/@esbuild/android-arm64' ]
1957 verbose reify failed optional dependency /home/psk0610/node_modules/@esbuild/android-arm
1958 silly reify mark deleted [ '/home/psk0610/node_modules/@esbuild/android-arm' ]
1959 verbose reify failed optional dependency /home/psk0610/node_modules/@esbuild/aix-ppc64
1960 silly reify mark deleted [ '/home/psk0610/node_modules/@esbuild/aix-ppc64' ]
1961 verbose reify failed optional dependency /home/psk0610/node_modules/fsevents
1962 silly reify mark deleted [ '/home/psk0610/node_modules/fsevents' ]
1963 verbose reify failed optional dependency /home/psk0610/node_modules/@parcel/watcher-win32-x64
1964 silly reify mark deleted [ '/home/psk0610/node_modules/@parcel/watcher-win32-x64' ]
1965 verbose reify failed optional dependency /home/psk0610/node_modules/@parcel/watcher-win32-ia32
1966 silly reify mark deleted [ '/home/psk0610/node_modules/@parcel/watcher-win32-ia32' ]
1967 verbose reify failed optional dependency /home/psk0610/node_modules/@parcel/watcher-win32-arm64
1968 silly reify mark deleted [ '/home/psk0610/node_modules/@parcel/watcher-win32-arm64' ]
1969 verbose reify failed optional dependency /home/psk0610/node_modules/@parcel/watcher-linux-x64-musl
1970 silly reify mark deleted [ '/home/psk0610/node_modules/@parcel/watcher-linux-x64-musl' ]
1971 verbose reify failed optional dependency /home/psk0610/node_modules/@parcel/watcher-linux-arm64-musl
1972 silly reify mark deleted [ '/home/psk0610/node_modules/@parcel/watcher-linux-arm64-musl' ]
1973 verbose reify failed optional dependency /home/psk0610/node_modules/@parcel/watcher-linux-arm64-glibc
1974 silly reify mark deleted [ '/home/psk0610/node_modules/@parcel/watcher-linux-arm64-glibc' ]
1975 verbose reify failed optional dependency /home/psk0610/node_modules/@parcel/watcher-linux-arm-musl
1976 silly reify mark deleted [ '/home/psk0610/node_modules/@parcel/watcher-linux-arm-musl' ]
1977 verbose reify failed optional dependency /home/psk0610/node_modules/@parcel/watcher-linux-arm-glibc
1978 silly reify mark deleted [ '/home/psk0610/node_modules/@parcel/watcher-linux-arm-glibc' ]
1979 verbose reify failed optional dependency /home/psk0610/node_modules/@parcel/watcher-freebsd-x64
1980 silly reify mark deleted [ '/home/psk0610/node_modules/@parcel/watcher-freebsd-x64' ]
1981 verbose reify failed optional dependency /home/psk0610/node_modules/@parcel/watcher-darwin-x64
1982 silly reify mark deleted [ '/home/psk0610/node_modules/@parcel/watcher-darwin-x64' ]
1983 verbose reify failed optional dependency /home/psk0610/node_modules/@parcel/watcher-darwin-arm64
1984 silly reify mark deleted [ '/home/psk0610/node_modules/@parcel/watcher-darwin-arm64' ]
1985 verbose reify failed optional dependency /home/psk0610/node_modules/@parcel/watcher-android-arm64
1986 silly reify mark deleted [ '/home/psk0610/node_modules/@parcel/watcher-android-arm64' ]
1987 http cache lines-and-columns@https://registry.npmjs.org/lines-and-columns/-/lines-and-columns-1.2.4.tgz 0ms (cache hit)
1988 http cache json-parse-even-better-errors@https://registry.npmjs.org/json-parse-even-better-errors/-/json-parse-even-better-errors-2.3.1.tgz 0ms (cache hit)
1989 http cache isexe@https://registry.npmjs.org/isexe/-/isexe-2.0.0.tgz 0ms (cache hit)
1990 http cache error-ex@https://registry.npmjs.org/error-ex/-/error-ex-1.3.4.tgz 0ms (cache hit)
1991 http cache parse-json@https://registry.npmjs.org/parse-json/-/parse-json-5.2.0.tgz 0ms (cache hit)
1992 http cache path-type@https://registry.npmjs.org/path-type/-/path-type-4.0.0.tgz 0ms (cache hit)
1993 http cache is-arrayish@https://registry.npmjs.org/is-arrayish/-/is-arrayish-0.2.1.tgz 0ms (cache hit)
1994 http cache @svgr/babel-plugin-transform-svg-component@https://registry.npmjs.org/@svgr/babel-plugin-transform-svg-component/-/babel-plugin-transform-svg-component-8.0.0.tgz 0ms (cache hit)
1995 http cache svg-parser@https://registry.npmjs.org/svg-parser/-/svg-parser-2.0.4.tgz 0ms (cache hit)
1996 http cache @svgr/hast-util-to-babel-ast@https://registry.npmjs.org/@svgr/hast-util-to-babel-ast/-/hast-util-to-babel-ast-8.0.0.tgz 0ms (cache hit)
1997 http cache @svgr/babel-plugin-svg-dynamic-title@https://registry.npmjs.org/@svgr/babel-plugin-svg-dynamic-title/-/babel-plugin-svg-dynamic-title-8.0.0.tgz 0ms (cache hit)
1998 http cache @svgr/babel-plugin-transform-react-native-svg@https://registry.npmjs.org/@svgr/babel-plugin-transform-react-native-svg/-/babel-plugin-transform-react-native-svg-8.1.0.tgz 0ms (cache hit)
1999 http cache @svgr/babel-plugin-svg-em-dimensions@https://registry.npmjs.org/@svgr/babel-plugin-svg-em-dimensions/-/babel-plugin-svg-em-dimensions-8.0.0.tgz 0ms (cache hit)
2000 http cache @svgr/babel-plugin-replace-jsx-attribute-value@https://registry.npmjs.org/@svgr/babel-plugin-replace-jsx-attribute-value/-/babel-plugin-replace-jsx-attribute-value-8.0.0.tgz 0ms (cache hit)
2001 http cache @svgr/babel-plugin-remove-jsx-attribute@https://registry.npmjs.org/@svgr/babel-plugin-remove-jsx-attribute/-/babel-plugin-remove-jsx-attribute-8.0.0.tgz 0ms (cache hit)
2002 http cache @svgr/babel-plugin-add-jsx-attribute@https://registry.npmjs.org/@svgr/babel-plugin-add-jsx-attribute/-/babel-plugin-add-jsx-attribute-8.0.0.tgz 0ms (cache hit)
2003 http cache @svgr/babel-plugin-remove-jsx-empty-expression@https://registry.npmjs.org/@svgr/babel-plugin-remove-jsx-empty-expression/-/babel-plugin-remove-jsx-empty-expression-8.0.0.tgz 0ms (cache hit)
2004 http cache snake-case@https://registry.npmjs.org/snake-case/-/snake-case-3.0.4.tgz 0ms (cache hit)
2005 http cache camelcase@https://registry.npmjs.org/camelcase/-/camelcase-6.3.0.tgz 0ms (cache hit)
2006 http cache cosmiconfig@https://registry.npmjs.org/cosmiconfig/-/cosmiconfig-8.3.6.tgz 0ms (cache hit)
2007 http cache @svgr/babel-preset@https://registry.npmjs.org/@svgr/babel-preset/-/babel-preset-8.1.0.tgz 0ms (cache hit)
2008 http cache is-number@https://registry.npmjs.org/is-number/-/is-number-7.0.0.tgz 0ms (cache hit)
2009 http cache @svgr/core@https://registry.npmjs.org/@svgr/core/-/core-8.1.0.tgz 0ms (cache hit)
2010 http cache @svgr/plugin-jsx@https://registry.npmjs.org/@svgr/plugin-jsx/-/plugin-jsx-8.1.0.tgz 0ms (cache hit)
2011 http cache buffer-from@https://registry.npmjs.org/buffer-from/-/buffer-from-1.1.2.tgz 0ms (cache hit)
2012 http cache queue-microtask@https://registry.npmjs.org/queue-microtask/-/queue-microtask-1.2.3.tgz 0ms (cache hit)
2013 http cache source-map-support@https://registry.npmjs.org/source-map-support/-/source-map-support-0.5.21.tgz 0ms (cache hit)
2014 http cache @jridgewell/source-map@https://registry.npmjs.org/@jridgewell/source-map/-/source-map-0.3.11.tgz 0ms (cache hit)
2015 http cache dot-case@https://registry.npmjs.org/dot-case/-/dot-case-3.0.4.tgz 0ms (cache hit)
2016 http cache lower-case@https://registry.npmjs.org/lower-case/-/lower-case-2.0.2.tgz 0ms (cache hit)
2017 http cache no-case@https://registry.npmjs.org/no-case/-/no-case-3.0.4.tgz 0ms (cache hit)
2018 http cache entities@https://registry.npmjs.org/entities/-/entities-2.2.0.tgz 0ms (cache hit)
2019 http cache domelementtype@https://registry.npmjs.org/domelementtype/-/domelementtype-2.3.0.tgz 0ms (cache hit)
2020 http cache nth-check@https://registry.npmjs.org/nth-check/-/nth-check-2.1.1.tgz 0ms (cache hit)
2021 http cache dom-serializer@https://registry.npmjs.org/dom-serializer/-/dom-serializer-1.4.1.tgz 0ms (cache hit)
2022 http cache boolbase@https://registry.npmjs.org/boolbase/-/boolbase-1.0.0.tgz 0ms (cache hit)
2023 http cache domutils@https://registry.npmjs.org/domutils/-/domutils-2.8.0.tgz 0ms (cache hit)
2024 http cache css-what@https://registry.npmjs.org/css-what/-/css-what-6.2.2.tgz 0ms (cache hit)
2025 http cache domhandler@https://registry.npmjs.org/domhandler/-/domhandler-4.3.1.tgz 0ms (cache hit)
2026 http cache css-select@https://registry.npmjs.org/css-select/-/css-select-4.3.0.tgz 0ms (cache hit)
2027 http cache filelist@https://registry.npmjs.org/filelist/-/filelist-1.0.6.tgz 0ms (cache hit)
2028 http cache fill-range@https://registry.npmjs.org/fill-range/-/fill-range-7.1.1.tgz 0ms (cache hit)
2029 http cache braces@https://registry.npmjs.org/braces/-/braces-3.0.3.tgz 0ms (cache hit)
2030 http cache to-regex-range@https://registry.npmjs.org/to-regex-range/-/to-regex-range-5.0.1.tgz 0ms (cache hit)
2031 http cache async@https://registry.npmjs.org/async/-/async-3.2.6.tgz 0ms (cache hit)
2032 http cache tslib@https://registry.npmjs.org/tslib/-/tslib-2.8.1.tgz 0ms (cache hit)
2033 http cache pascal-case@https://registry.npmjs.org/pascal-case/-/pascal-case-3.1.2.tgz 0ms (cache hit)
2034 http cache relateurl@https://registry.npmjs.org/relateurl/-/relateurl-0.2.7.tgz 0ms (cache hit)
2035 http cache source-map@https://registry.npmjs.org/source-map/-/source-map-0.6.1.tgz 0ms (cache hit)
2036 http cache he@https://registry.npmjs.org/he/-/he-1.2.0.tgz 0ms (cache hit)
2037 http cache terser@https://registry.npmjs.org/terser/-/terser-5.48.0.tgz 0ms (cache hit)
2038 http cache clean-css@https://registry.npmjs.org/clean-css/-/clean-css-5.3.3.tgz 0ms (cache hit)
2039 http cache param-case@https://registry.npmjs.org/param-case/-/param-case-3.0.4.tgz 0ms (cache hit)
2040 http cache commander@https://registry.npmjs.org/commander/-/commander-8.3.0.tgz 0ms (cache hit)
2041 http cache camel-case@https://registry.npmjs.org/camel-case/-/camel-case-4.1.2.tgz 0ms (cache hit)
2042 http cache universalify@https://registry.npmjs.org/universalify/-/universalify-2.0.1.tgz 0ms (cache hit)
2043 http cache jsonfile@https://registry.npmjs.org/jsonfile/-/jsonfile-6.2.1.tgz 0ms (cache hit)
2044 http cache reusify@https://registry.npmjs.org/reusify/-/reusify-1.1.0.tgz 0ms (cache hit)
2045 http cache graceful-fs@https://registry.npmjs.org/graceful-fs/-/graceful-fs-4.2.11.tgz 0ms (cache hit)
2046 http cache fastq@https://registry.npmjs.org/fastq/-/fastq-1.20.1.tgz 0ms (cache hit)
2047 http cache merge2@https://registry.npmjs.org/merge2/-/merge2-1.4.1.tgz 0ms (cache hit)
2048 http cache run-parallel@https://registry.npmjs.org/run-parallel/-/run-parallel-1.2.0.tgz 0ms (cache hit)
2049 http cache @nodelib/fs.scandir@https://registry.npmjs.org/@nodelib/fs.scandir/-/fs.scandir-2.1.5.tgz 0ms (cache hit)
2050 http cache micromatch@https://registry.npmjs.org/micromatch/-/micromatch-4.0.8.tgz 0ms (cache hit)
2051 http cache @nodelib/fs.walk@https://registry.npmjs.org/@nodelib/fs.walk/-/fs.walk-1.2.8.tgz 0ms (cache hit)
2052 http cache @nodelib/fs.stat@https://registry.npmjs.org/@nodelib/fs.stat/-/fs.stat-2.0.5.tgz 0ms (cache hit)
2053 http cache pathe@https://registry.npmjs.org/pathe/-/pathe-0.2.0.tgz 0ms (cache hit)
2054 http cache estree-walker@https://registry.npmjs.org/estree-walker/-/estree-walker-2.0.2.tgz 0ms (cache hit)
2055 http cache jake@https://registry.npmjs.org/jake/-/jake-10.9.4.tgz 0ms (cache hit)
2056 http cache node-html-parser@https://registry.npmjs.org/node-html-parser/-/node-html-parser-5.4.2.tgz 0ms (cache hit)
2057 http cache html-minifier-terser@https://registry.npmjs.org/html-minifier-terser/-/html-minifier-terser-6.1.0.tgz 0ms (cache hit)
2058 http cache fs-extra@https://registry.npmjs.org/fs-extra/-/fs-extra-10.1.0.tgz 0ms (cache hit)
2059 http cache dotenv-expand@https://registry.npmjs.org/dotenv-expand/-/dotenv-expand-8.0.3.tgz 0ms (cache hit)
2060 http cache fast-glob@https://registry.npmjs.org/fast-glob/-/fast-glob-3.3.3.tgz 0ms (cache hit)
2061 http cache ejs@https://registry.npmjs.org/ejs/-/ejs-3.1.10.tgz 0ms (cache hit)
2062 http cache dotenv@https://registry.npmjs.org/dotenv/-/dotenv-16.6.1.tgz 0ms (cache hit)
2063 http cache colorette@https://registry.npmjs.org/colorette/-/colorette-2.0.20.tgz 0ms (cache hit)
2064 http cache connect-history-api-fallback@https://registry.npmjs.org/connect-history-api-fallback/-/connect-history-api-fallback-1.6.0.tgz 0ms (cache hit)
2065 http cache @rollup/pluginutils@https://registry.npmjs.org/@rollup/pluginutils/-/pluginutils-4.2.1.tgz 0ms (cache hit)
2066 http cache consola@https://registry.npmjs.org/consola/-/consola-2.15.3.tgz 0ms (cache hit)
2067 http cache nanoid@https://registry.npmjs.org/nanoid/-/nanoid-3.3.12.tgz 0ms (cache hit)
2068 http cache @rollup/rollup-linux-x64-gnu@https://registry.npmjs.org/@rollup/rollup-linux-x64-gnu/-/rollup-linux-x64-gnu-4.60.4.tgz 0ms (cache hit)
2069 http cache @esbuild/linux-x64@https://registry.npmjs.org/@esbuild/linux-x64/-/linux-x64-0.27.7.tgz 0ms (cache hit)
2070 http cache punycode@https://registry.npmjs.org/punycode/-/punycode-2.3.1.tgz 0ms (cache hit)
2071 http cache postcss@https://registry.npmjs.org/postcss/-/postcss-8.5.15.tgz 0ms (cache hit)
2072 http cache rollup@https://registry.npmjs.org/rollup/-/rollup-4.60.4.tgz 0ms (cache hit)
2073 http cache escalade@https://registry.npmjs.org/escalade/-/escalade-3.2.0.tgz 0ms (cache hit)
2074 http cache fdir@https://registry.npmjs.org/fdir/-/fdir-6.5.0.tgz 0ms (cache hit)
2075 http cache esbuild@https://registry.npmjs.org/esbuild/-/esbuild-0.27.7.tgz 0ms (cache hit)
2076 http cache tinyglobby@https://registry.npmjs.org/tinyglobby/-/tinyglobby-0.2.16.tgz 0ms (cache hit)
2077 http cache @typescript-eslint/tsconfig-utils@https://registry.npmjs.org/@typescript-eslint/tsconfig-utils/-/tsconfig-utils-8.59.4.tgz 0ms (cache hit)
2078 http cache @typescript-eslint/project-service@https://registry.npmjs.org/@typescript-eslint/project-service/-/project-service-8.59.4.tgz 0ms (cache hit)
2079 http cache @typescript-eslint/types@https://registry.npmjs.org/@typescript-eslint/types/-/types-8.59.4.tgz 0ms (cache hit)
2080 http cache ts-api-utils@https://registry.npmjs.org/ts-api-utils/-/ts-api-utils-2.5.0.tgz 0ms (cache hit)
2081 http cache @typescript-eslint/type-utils@https://registry.npmjs.org/@typescript-eslint/type-utils/-/type-utils-8.59.4.tgz 0ms (cache hit)
2082 http cache @typescript-eslint/visitor-keys@https://registry.npmjs.org/@typescript-eslint/visitor-keys/-/visitor-keys-8.59.4.tgz 0ms (cache hit)
2083 http cache @typescript-eslint/utils@https://registry.npmjs.org/@typescript-eslint/utils/-/utils-8.59.4.tgz 0ms (cache hit)
2084 http cache @typescript-eslint/eslint-plugin@https://registry.npmjs.org/@typescript-eslint/eslint-plugin/-/eslint-plugin-8.59.4.tgz 0ms (cache hit)
2085 http cache @typescript-eslint/parser@https://registry.npmjs.org/@typescript-eslint/parser/-/parser-8.59.4.tgz 0ms (cache hit)
2086 http cache has-flag@https://registry.npmjs.org/has-flag/-/has-flag-4.0.0.tgz 0ms (cache hit)
2087 http cache @typescript-eslint/typescript-estree@https://registry.npmjs.org/@typescript-eslint/typescript-estree/-/typescript-estree-8.59.4.tgz 0ms (cache hit)
2088 http cache shebang-regex@https://registry.npmjs.org/shebang-regex/-/shebang-regex-3.0.0.tgz 0ms (cache hit)
2089 http cache @typescript-eslint/scope-manager@https://registry.npmjs.org/@typescript-eslint/scope-manager/-/scope-manager-8.59.4.tgz 0ms (cache hit)
2090 http cache readdirp@https://registry.npmjs.org/readdirp/-/readdirp-5.0.0.tgz 0ms (cache hit)
2091 http cache node-addon-api@https://registry.npmjs.org/node-addon-api/-/node-addon-api-7.1.1.tgz 0ms (cache hit)
2092 http cache detect-libc@https://registry.npmjs.org/detect-libc/-/detect-libc-2.1.2.tgz 0ms (cache hit)
2093 http cache picomatch@https://registry.npmjs.org/picomatch/-/picomatch-4.0.4.tgz 0ms (cache hit)
2094 http cache immutable@https://registry.npmjs.org/immutable/-/immutable-5.1.5.tgz 0ms (cache hit)
2095 http cache source-map-js@https://registry.npmjs.org/source-map-js/-/source-map-js-1.2.1.tgz 0ms (cache hit)
2096 http cache @parcel/watcher-linux-x64-glibc@https://registry.npmjs.org/@parcel/watcher-linux-x64-glibc/-/watcher-linux-x64-glibc-2.5.6.tgz 0ms (cache hit)
2097 http cache callsites@https://registry.npmjs.org/callsites/-/callsites-3.1.0.tgz 0ms (cache hit)
2098 http cache scheduler@https://registry.npmjs.org/scheduler/-/scheduler-0.27.0.tgz 0ms (cache hit)
2099 http cache chokidar@https://registry.npmjs.org/chokidar/-/chokidar-5.0.0.tgz 0ms (cache hit)
2100 http cache @parcel/watcher@https://registry.npmjs.org/@parcel/watcher/-/watcher-2.5.6.tgz 0ms (cache hit)
2101 http cache yocto-queue@https://registry.npmjs.org/yocto-queue/-/yocto-queue-0.1.0.tgz 0ms (cache hit)
2102 http cache fast-levenshtein@https://registry.npmjs.org/fast-levenshtein/-/fast-levenshtein-2.0.6.tgz 0ms (cache hit)
2103 http cache word-wrap@https://registry.npmjs.org/word-wrap/-/word-wrap-1.2.5.tgz 0ms (cache hit)
2104 http cache concat-map@https://registry.npmjs.org/concat-map/-/concat-map-0.0.1.tgz 0ms (cache hit)
2105 http cache deep-is@https://registry.npmjs.org/deep-is/-/deep-is-0.1.4.tgz 0ms (cache hit)
2106 http cache brace-expansion@https://registry.npmjs.org/brace-expansion/-/brace-expansion-1.1.14.tgz 0ms (cache hit)
2107 http cache yallist@https://registry.npmjs.org/yallist/-/yallist-3.1.1.tgz 0ms (cache hit)
2108 http cache p-limit@https://registry.npmjs.org/p-limit/-/p-limit-3.1.0.tgz 0ms (cache hit)
2109 http cache balanced-match@https://registry.npmjs.org/balanced-match/-/balanced-match-1.0.2.tgz 0ms (cache hit)
2110 http cache type-check@https://registry.npmjs.org/type-check/-/type-check-0.4.0.tgz 0ms (cache hit)
2111 http cache p-locate@https://registry.npmjs.org/p-locate/-/p-locate-5.0.0.tgz 0ms (cache hit)
2112 http cache prelude-ls@https://registry.npmjs.org/prelude-ls/-/prelude-ls-1.2.1.tgz 0ms (cache hit)
2113 http cache json-buffer@https://registry.npmjs.org/json-buffer/-/json-buffer-3.0.1.tgz 0ms (cache hit)
2114 http cache resolve-from@https://registry.npmjs.org/resolve-from/-/resolve-from-4.0.0.tgz 0ms (cache hit)
2115 http cache argparse@https://registry.npmjs.org/argparse/-/argparse-2.0.1.tgz 0ms (cache hit)
2116 http cache parent-module@https://registry.npmjs.org/parent-module/-/parent-module-1.0.1.tgz 0ms (cache hit)
2117 http cache is-extglob@https://registry.npmjs.org/is-extglob/-/is-extglob-2.1.1.tgz 0ms (cache hit)
2118 http cache flatted@https://registry.npmjs.org/flatted/-/flatted-3.4.2.tgz 1ms (cache hit)
2119 http cache keyv@https://registry.npmjs.org/keyv/-/keyv-4.5.4.tgz 0ms (cache hit)
2120 http cache path-exists@https://registry.npmjs.org/path-exists/-/path-exists-4.0.0.tgz 0ms (cache hit)
2121 http cache flat-cache@https://registry.npmjs.org/flat-cache/-/flat-cache-4.0.1.tgz 0ms (cache hit)
2122 http cache locate-path@https://registry.npmjs.org/locate-path/-/locate-path-6.0.0.tgz 0ms (cache hit)
2123 http cache acorn-jsx@https://registry.npmjs.org/acorn-jsx/-/acorn-jsx-5.3.2.tgz 0ms (cache hit)
2124 http cache estraverse@https://registry.npmjs.org/estraverse/-/estraverse-5.3.0.tgz 0ms (cache hit)
2125 http cache acorn@https://registry.npmjs.org/acorn/-/acorn-8.16.0.tgz 0ms (cache hit)
2126 http cache esrecurse@https://registry.npmjs.org/esrecurse/-/esrecurse-4.3.0.tgz 0ms (cache hit)
2127 http cache which@https://registry.npmjs.org/which/-/which-2.0.2.tgz 0ms (cache hit)
2128 http cache path-key@https://registry.npmjs.org/path-key/-/path-key-3.1.1.tgz 0ms (cache hit)
2129 http cache shebang-command@https://registry.npmjs.org/shebang-command/-/shebang-command-2.0.0.tgz 0ms (cache hit)
2130 http cache uri-js@https://registry.npmjs.org/uri-js/-/uri-js-4.4.1.tgz 0ms (cache hit)
2131 http cache ansi-styles@https://registry.npmjs.org/ansi-styles/-/ansi-styles-4.3.0.tgz 0ms (cache hit)
2132 http cache color-convert@https://registry.npmjs.org/color-convert/-/color-convert-2.0.1.tgz 0ms (cache hit)
2133 http cache color-name@https://registry.npmjs.org/color-name/-/color-name-1.1.4.tgz 0ms (cache hit)
2134 http cache supports-color@https://registry.npmjs.org/supports-color/-/supports-color-7.2.0.tgz 0ms (cache hit)
2135 http cache json-schema-traverse@https://registry.npmjs.org/json-schema-traverse/-/json-schema-traverse-0.4.1.tgz 0ms (cache hit)
2136 http cache fast-json-stable-stringify@https://registry.npmjs.org/fast-json-stable-stringify/-/fast-json-stable-stringify-2.1.0.tgz 0ms (cache hit)
2137 http cache @humanfs/core@https://registry.npmjs.org/@humanfs/core/-/core-0.19.2.tgz 0ms (cache hit)
2138 http cache @humanfs/types@https://registry.npmjs.org/@humanfs/types/-/types-0.15.0.tgz 0ms (cache hit)
2139 http cache levn@https://registry.npmjs.org/levn/-/levn-0.4.1.tgz 0ms (cache hit)
2140 http cache strip-json-comments@https://registry.npmjs.org/strip-json-comments/-/strip-json-comments-3.1.1.tgz 0ms (cache hit)
2141 http cache import-fresh@https://registry.npmjs.org/import-fresh/-/import-fresh-3.3.1.tgz 0ms (cache hit)
2142 http cache globals@https://registry.npmjs.org/globals/-/globals-14.0.0.tgz 0ms (cache hit)
2143 http cache js-yaml@https://registry.npmjs.org/js-yaml/-/js-yaml-4.1.1.tgz 0ms (cache hit)
2144 http cache @eslint/object-schema@https://registry.npmjs.org/@eslint/object-schema/-/object-schema-2.1.7.tgz 0ms (cache hit)
2145 http cache optionator@https://registry.npmjs.org/optionator/-/optionator-0.9.4.tgz 0ms (cache hit)
2146 http cache natural-compare@https://registry.npmjs.org/natural-compare/-/natural-compare-1.4.0.tgz 0ms (cache hit)
2147 http cache lodash.merge@https://registry.npmjs.org/lodash.merge/-/lodash.merge-4.6.2.tgz 0ms (cache hit)
2148 http cache json-stable-stringify-without-jsonify@https://registry.npmjs.org/json-stable-stringify-without-jsonify/-/json-stable-stringify-without-jsonify-1.0.1.tgz 0ms (cache hit)
2149 http cache minimatch@https://registry.npmjs.org/minimatch/-/minimatch-3.1.5.tgz 0ms (cache hit)
2150 http cache is-glob@https://registry.npmjs.org/is-glob/-/is-glob-4.0.3.tgz 0ms (cache hit)
2151 http cache glob-parent@https://registry.npmjs.org/glob-parent/-/glob-parent-6.0.2.tgz 0ms (cache hit)
2152 http cache ignore@https://registry.npmjs.org/ignore/-/ignore-5.3.2.tgz 0ms (cache hit)
2153 http cache find-up@https://registry.npmjs.org/find-up/-/find-up-5.0.0.tgz 0ms (cache hit)
2154 http cache file-entry-cache@https://registry.npmjs.org/file-entry-cache/-/file-entry-cache-8.0.0.tgz 0ms (cache hit)
2155 http cache imurmurhash@https://registry.npmjs.org/imurmurhash/-/imurmurhash-0.1.4.tgz 0ms (cache hit)
2156 http cache fast-deep-equal@https://registry.npmjs.org/fast-deep-equal/-/fast-deep-equal-3.1.3.tgz 0ms (cache hit)
2157 http cache esutils@https://registry.npmjs.org/esutils/-/esutils-2.0.3.tgz 0ms (cache hit)
2158 http cache esquery@https://registry.npmjs.org/esquery/-/esquery-1.7.0.tgz 0ms (cache hit)
2159 http cache eslint-scope@https://registry.npmjs.org/eslint-scope/-/eslint-scope-8.4.0.tgz 0ms (cache hit)
2160 http cache espree@https://registry.npmjs.org/espree/-/espree-10.4.0.tgz 0ms (cache hit)
2161 http cache eslint-visitor-keys@https://registry.npmjs.org/eslint-visitor-keys/-/eslint-visitor-keys-4.2.1.tgz 0ms (cache hit)
2162 http cache escape-string-regexp@https://registry.npmjs.org/escape-string-regexp/-/escape-string-regexp-4.0.0.tgz 0ms (cache hit)
2163 http cache chalk@https://registry.npmjs.org/chalk/-/chalk-4.1.2.tgz 0ms (cache hit)
2164 http cache @humanwhocodes/retry@https://registry.npmjs.org/@humanwhocodes/retry/-/retry-0.4.3.tgz 0ms (cache hit)
2165 http cache cross-spawn@https://registry.npmjs.org/cross-spawn/-/cross-spawn-7.0.6.tgz 0ms (cache hit)
2166 http cache @humanfs/node@https://registry.npmjs.org/@humanfs/node/-/node-0.16.8.tgz 0ms (cache hit)
2167 http cache @humanwhocodes/module-importer@https://registry.npmjs.org/@humanwhocodes/module-importer/-/module-importer-1.0.1.tgz 0ms (cache hit)
2168 http cache ajv@https://registry.npmjs.org/ajv/-/ajv-6.15.0.tgz 0ms (cache hit)
2169 http cache @eslint/eslintrc@https://registry.npmjs.org/@eslint/eslintrc/-/eslintrc-3.3.5.tgz 0ms (cache hit)
2170 http cache @eslint/plugin-kit@https://registry.npmjs.org/@eslint/plugin-kit/-/plugin-kit-0.4.1.tgz 0ms (cache hit)
2171 http cache @eslint/core@https://registry.npmjs.org/@eslint/core/-/core-0.17.0.tgz 0ms (cache hit)
2172 http cache @eslint/config-array@https://registry.npmjs.org/@eslint/config-array/-/config-array-0.21.2.tgz 0ms (cache hit)
2173 http cache @eslint-community/regexpp@https://registry.npmjs.org/@eslint-community/regexpp/-/regexpp-4.12.2.tgz 0ms (cache hit)
2174 http cache @eslint/config-helpers@https://registry.npmjs.org/@eslint/config-helpers/-/config-helpers-0.4.2.tgz 0ms (cache hit)
2175 http cache update-browserslist-db@https://registry.npmjs.org/update-browserslist-db/-/update-browserslist-db-1.2.3.tgz 0ms (cache hit)
2176 http cache @eslint-community/eslint-utils@https://registry.npmjs.org/@eslint-community/eslint-utils/-/eslint-utils-4.9.1.tgz 0ms (cache hit)
2177 http cache electron-to-chromium@https://registry.npmjs.org/electron-to-chromium/-/electron-to-chromium-1.5.361.tgz 0ms (cache hit)
2178 http cache caniuse-lite@https://registry.npmjs.org/caniuse-lite/-/caniuse-lite-1.0.30001793.tgz 0ms (cache hit)
2179 http cache node-releases@https://registry.npmjs.org/node-releases/-/node-releases-2.0.46.tgz 0ms (cache hit)
2180 http cache ms@https://registry.npmjs.org/ms/-/ms-2.1.3.tgz 0ms (cache hit)
2181 http cache @types/babel__traverse@https://registry.npmjs.org/@types/babel__traverse/-/babel__traverse-7.28.0.tgz 0ms (cache hit)
2182 http cache baseline-browser-mapping@https://registry.npmjs.org/baseline-browser-mapping/-/baseline-browser-mapping-2.10.32.tgz 0ms (cache hit)
2183 http cache @types/babel__generator@https://registry.npmjs.org/@types/babel__generator/-/babel__generator-7.27.0.tgz 0ms (cache hit)
2184 http cache @babel/helper-globals@https://registry.npmjs.org/@babel/helper-globals/-/helper-globals-7.28.0.tgz 0ms (cache hit)
2185 http cache @types/babel__template@https://registry.npmjs.org/@types/babel__template/-/babel__template-7.4.4.tgz 0ms (cache hit)
2186 http cache @babel/helper-string-parser@https://registry.npmjs.org/@babel/helper-string-parser/-/helper-string-parser-7.27.1.tgz 0ms (cache hit)
2187 http cache @jridgewell/sourcemap-codec@https://registry.npmjs.org/@jridgewell/sourcemap-codec/-/sourcemap-codec-1.5.5.tgz 0ms (cache hit)
2188 http cache @babel/helper-plugin-utils@https://registry.npmjs.org/@babel/helper-plugin-utils/-/helper-plugin-utils-7.28.6.tgz 0ms (cache hit)
2189 http cache @jridgewell/resolve-uri@https://registry.npmjs.org/@jridgewell/resolve-uri/-/resolve-uri-3.1.2.tgz 0ms (cache hit)
2190 http cache browserslist@https://registry.npmjs.org/browserslist/-/browserslist-4.28.2.tgz 0ms (cache hit)
2191 http cache lru-cache@https://registry.npmjs.org/lru-cache/-/lru-cache-5.1.1.tgz 0ms (cache hit)
2192 http cache @babel/helper-module-imports@https://registry.npmjs.org/@babel/helper-module-imports/-/helper-module-imports-7.28.6.tgz 0ms (cache hit)
2193 http cache jsesc@https://registry.npmjs.org/jsesc/-/jsesc-3.1.0.tgz 0ms (cache hit)
2194 http cache @babel/compat-data@https://registry.npmjs.org/@babel/compat-data/-/compat-data-7.29.3.tgz 0ms (cache hit)
2195 http cache js-tokens@https://registry.npmjs.org/js-tokens/-/js-tokens-4.0.0.tgz 0ms (cache hit)
2196 http cache @jridgewell/gen-mapping@https://registry.npmjs.org/@jridgewell/gen-mapping/-/gen-mapping-0.3.13.tgz 0ms (cache hit)
2197 http cache @jridgewell/trace-mapping@https://registry.npmjs.org/@jridgewell/trace-mapping/-/trace-mapping-0.3.31.tgz 0ms (cache hit)
2198 http cache picocolors@https://registry.npmjs.org/picocolors/-/picocolors-1.1.1.tgz 0ms (cache hit)
2199 http cache @babel/helper-validator-option@https://registry.npmjs.org/@babel/helper-validator-option/-/helper-validator-option-7.27.1.tgz 0ms (cache hit)
2200 http cache semver@https://registry.npmjs.org/semver/-/semver-6.3.1.tgz 0ms (cache hit)
2201 http cache gensync@https://registry.npmjs.org/gensync/-/gensync-1.0.0-beta.2.tgz 0ms (cache hit)
2202 http cache @babel/helper-validator-identifier@https://registry.npmjs.org/@babel/helper-validator-identifier/-/helper-validator-identifier-7.28.5.tgz 0ms (cache hit)
2203 http cache debug@https://registry.npmjs.org/debug/-/debug-4.4.3.tgz 0ms (cache hit)
2204 http cache json5@https://registry.npmjs.org/json5/-/json5-2.2.3.tgz 0ms (cache hit)
2205 http cache @jridgewell/remapping@https://registry.npmjs.org/@jridgewell/remapping/-/remapping-2.3.5.tgz 0ms (cache hit)
2206 http cache convert-source-map@https://registry.npmjs.org/convert-source-map/-/convert-source-map-2.0.0.tgz 0ms (cache hit)
2207 http cache @babel/traverse@https://registry.npmjs.org/@babel/traverse/-/traverse-7.29.0.tgz 0ms (cache hit)
2208 http cache @babel/parser@https://registry.npmjs.org/@babel/parser/-/parser-7.29.3.tgz 0ms (cache hit)
2209 http cache @babel/template@https://registry.npmjs.org/@babel/template/-/template-7.28.6.tgz 0ms (cache hit)
2210 http cache @babel/types@https://registry.npmjs.org/@babel/types/-/types-7.29.0.tgz 0ms (cache hit)
2211 http cache @babel/helper-module-transforms@https://registry.npmjs.org/@babel/helper-module-transforms/-/helper-module-transforms-7.28.6.tgz 0ms (cache hit)
2212 http cache @babel/helper-compilation-targets@https://registry.npmjs.org/@babel/helper-compilation-targets/-/helper-compilation-targets-7.28.6.tgz 0ms (cache hit)
2213 http cache @types/babel__core@https://registry.npmjs.org/@types/babel__core/-/babel__core-7.20.5.tgz 0ms (cache hit)
2214 http cache @babel/code-frame@https://registry.npmjs.org/@babel/code-frame/-/code-frame-7.29.0.tgz 0ms (cache hit)
2215 http cache react-refresh@https://registry.npmjs.org/react-refresh/-/react-refresh-0.17.0.tgz 0ms (cache hit)
2216 http cache @babel/generator@https://registry.npmjs.org/@babel/generator/-/generator-7.29.1.tgz 0ms (cache hit)
2217 http cache @rolldown/pluginutils@https://registry.npmjs.org/@rolldown/pluginutils/-/pluginutils-1.0.0-beta.27.tgz 0ms (cache hit)
2218 http cache @babel/helpers@https://registry.npmjs.org/@babel/helpers/-/helpers-7.29.2.tgz 0ms (cache hit)
2219 http cache @babel/plugin-transform-react-jsx-self@https://registry.npmjs.org/@babel/plugin-transform-react-jsx-self/-/plugin-transform-react-jsx-self-7.27.1.tgz 0ms (cache hit)
2220 http cache @babel/core@https://registry.npmjs.org/@babel/core/-/core-7.29.0.tgz 0ms (cache hit)
2221 http cache csstype@https://registry.npmjs.org/csstype/-/csstype-3.2.3.tgz 0ms (cache hit)
2222 http cache @babel/plugin-transform-react-jsx-source@https://registry.npmjs.org/@babel/plugin-transform-react-jsx-source/-/plugin-transform-react-jsx-source-7.27.1.tgz 0ms (cache hit)
2223 http cache undici-types@https://registry.npmjs.org/undici-types/-/undici-types-7.16.0.tgz 0ms (cache hit)
2224 http cache vite-plugin-svgr@https://registry.npmjs.org/vite-plugin-svgr/-/vite-plugin-svgr-4.5.0.tgz 0ms (cache hit)
2225 http cache vite-plugin-html@https://registry.npmjs.org/vite-plugin-html/-/vite-plugin-html-3.2.2.tgz 0ms (cache hit)
2226 http cache @types/estree@https://registry.npmjs.org/@types/estree/-/estree-1.0.9.tgz 0ms (cache hit)
2227 http cache typescript-eslint@https://registry.npmjs.org/typescript-eslint/-/typescript-eslint-8.59.4.tgz 0ms (cache hit)
2228 http cache @types/json-schema@https://registry.npmjs.org/@types/json-schema/-/json-schema-7.0.15.tgz 0ms (cache hit)
2229 http cache typescript@https://registry.npmjs.org/typescript/-/typescript-4.9.5.tgz 0ms (cache hit)
2230 http cache sass@https://registry.npmjs.org/sass/-/sass-1.100.0.tgz 0ms (cache hit)
2231 http cache react-dom@https://registry.npmjs.org/react-dom/-/react-dom-19.2.6.tgz 0ms (cache hit)
2232 http cache prettier@https://registry.npmjs.org/prettier/-/prettier-3.8.3.tgz 0ms (cache hit)
2233 http cache react@https://registry.npmjs.org/react/-/react-19.2.6.tgz 0ms (cache hit)
2234 http cache eslint-plugin-react-refresh@https://registry.npmjs.org/eslint-plugin-react-refresh/-/eslint-plugin-react-refresh-0.4.26.tgz 0ms (cache hit)
2235 http cache eslint-plugin-react-hooks@https://registry.npmjs.org/eslint-plugin-react-hooks/-/eslint-plugin-react-hooks-5.2.0.tgz 0ms (cache hit)
2236 http cache eslint@https://registry.npmjs.org/eslint/-/eslint-9.39.4.tgz 0ms (cache hit)
2237 http cache @vitejs/plugin-react@https://registry.npmjs.org/@vitejs/plugin-react/-/plugin-react-4.7.0.tgz 0ms (cache hit)
2238 http cache dayjs@https://registry.npmjs.org/dayjs/-/dayjs-1.11.20.tgz 0ms (cache hit)
2239 http cache vite@https://registry.npmjs.org/vite/-/vite-7.3.3.tgz 0ms (cache hit)
2240 http cache @types/react@https://registry.npmjs.org/@types/react/-/react-19.2.15.tgz 0ms (cache hit)
2241 http cache @types/react-dom@https://registry.npmjs.org/@types/react-dom/-/react-dom-19.2.3.tgz 1ms (cache hit)
2242 http cache commander@https://registry.npmjs.org/commander/-/commander-2.20.3.tgz 0ms (cache hit)
2243 http cache @types/eslint@https://registry.npmjs.org/@types/eslint/-/eslint-8.56.12.tgz 0ms (cache hit)
2244 http cache @eslint/js@https://registry.npmjs.org/@eslint/js/-/js-9.39.4.tgz 0ms (cache hit)
2245 http cache @types/node@https://registry.npmjs.org/@types/node/-/node-24.12.4.tgz 0ms (cache hit)
2246 http cache entities@https://registry.npmjs.org/entities/-/entities-4.5.0.tgz 0ms (cache hit)
2247 http cache minimatch@https://registry.npmjs.org/minimatch/-/minimatch-5.1.9.tgz 0ms (cache hit)
2248 http cache brace-expansion@https://registry.npmjs.org/brace-expansion/-/brace-expansion-2.1.0.tgz 0ms (cache hit)
2249 http cache picomatch@https://registry.npmjs.org/picomatch/-/picomatch-2.3.2.tgz 0ms (cache hit)
2250 http cache picomatch@https://registry.npmjs.org/picomatch/-/picomatch-2.3.2.tgz 0ms (cache hit)
2251 http cache @types/estree@https://registry.npmjs.org/@types/estree/-/estree-1.0.8.tgz 1ms (cache hit)
2252 http cache balanced-match@https://registry.npmjs.org/balanced-match/-/balanced-match-4.0.4.tgz 0ms (cache hit)
2253 http cache eslint-visitor-keys@https://registry.npmjs.org/eslint-visitor-keys/-/eslint-visitor-keys-5.0.1.tgz 0ms (cache hit)
2254 http cache glob-parent@https://registry.npmjs.org/glob-parent/-/glob-parent-5.1.2.tgz 0ms (cache hit)
2255 http cache semver@https://registry.npmjs.org/semver/-/semver-7.8.1.tgz 0ms (cache hit)
2256 http cache brace-expansion@https://registry.npmjs.org/brace-expansion/-/brace-expansion-5.0.6.tgz 0ms (cache hit)
2257 http cache minimatch@https://registry.npmjs.org/minimatch/-/minimatch-10.2.5.tgz 0ms (cache hit)
2258 silly tarball no local data for lines-and-columns@https://registry.npmjs.org/lines-and-columns/-/lines-and-columns-1.2.4.tgz. Extracting by manifest.
2259 silly tarball no local data for json-parse-even-better-errors@https://registry.npmjs.org/json-parse-even-better-errors/-/json-parse-even-better-errors-2.3.1.tgz. Extracting by manifest.
2260 silly tarball no local data for isexe@https://registry.npmjs.org/isexe/-/isexe-2.0.0.tgz. Extracting by manifest.
2261 silly tarball no local data for error-ex@https://registry.npmjs.org/error-ex/-/error-ex-1.3.4.tgz. Extracting by manifest.
2262 silly tarball no local data for parse-json@https://registry.npmjs.org/parse-json/-/parse-json-5.2.0.tgz. Extracting by manifest.
2263 silly tarball no local data for path-type@https://registry.npmjs.org/path-type/-/path-type-4.0.0.tgz. Extracting by manifest.
2264 silly tarball no local data for is-arrayish@https://registry.npmjs.org/is-arrayish/-/is-arrayish-0.2.1.tgz. Extracting by manifest.
2265 http cache ignore@https://registry.npmjs.org/ignore/-/ignore-7.0.5.tgz 0ms (cache hit)
2266 silly tarball no local data for @svgr/babel-plugin-transform-svg-component@https://registry.npmjs.org/@svgr/babel-plugin-transform-svg-component/-/babel-plugin-transform-svg-component-8.0.0.tgz. Extracting by manifest.
2267 silly tarball no local data for svg-parser@https://registry.npmjs.org/svg-parser/-/svg-parser-2.0.4.tgz. Extracting by manifest.
2268 silly tarball no local data for @svgr/hast-util-to-babel-ast@https://registry.npmjs.org/@svgr/hast-util-to-babel-ast/-/hast-util-to-babel-ast-8.0.0.tgz. Extracting by manifest.
2269 silly tarball no local data for @svgr/babel-plugin-svg-dynamic-title@https://registry.npmjs.org/@svgr/babel-plugin-svg-dynamic-title/-/babel-plugin-svg-dynamic-title-8.0.0.tgz. Extracting by manifest.
2270 silly tarball no local data for @svgr/babel-plugin-transform-react-native-svg@https://registry.npmjs.org/@svgr/babel-plugin-transform-react-native-svg/-/babel-plugin-transform-react-native-svg-8.1.0.tgz. Extracting by manifest.
2271 silly tarball no local data for @svgr/babel-plugin-svg-em-dimensions@https://registry.npmjs.org/@svgr/babel-plugin-svg-em-dimensions/-/babel-plugin-svg-em-dimensions-8.0.0.tgz. Extracting by manifest.
2272 silly tarball no local data for @svgr/babel-plugin-replace-jsx-attribute-value@https://registry.npmjs.org/@svgr/babel-plugin-replace-jsx-attribute-value/-/babel-plugin-replace-jsx-attribute-value-8.0.0.tgz. Extracting by manifest.
2273 silly tarball no local data for @svgr/babel-plugin-remove-jsx-attribute@https://registry.npmjs.org/@svgr/babel-plugin-remove-jsx-attribute/-/babel-plugin-remove-jsx-attribute-8.0.0.tgz. Extracting by manifest.
2274 silly tarball no local data for @svgr/babel-plugin-add-jsx-attribute@https://registry.npmjs.org/@svgr/babel-plugin-add-jsx-attribute/-/babel-plugin-add-jsx-attribute-8.0.0.tgz. Extracting by manifest.
2275 silly tarball no local data for @svgr/babel-plugin-remove-jsx-empty-expression@https://registry.npmjs.org/@svgr/babel-plugin-remove-jsx-empty-expression/-/babel-plugin-remove-jsx-empty-expression-8.0.0.tgz. Extracting by manifest.
2276 silly tarball no local data for snake-case@https://registry.npmjs.org/snake-case/-/snake-case-3.0.4.tgz. Extracting by manifest.
2277 silly tarball no local data for camelcase@https://registry.npmjs.org/camelcase/-/camelcase-6.3.0.tgz. Extracting by manifest.
2278 silly tarball no local data for cosmiconfig@https://registry.npmjs.org/cosmiconfig/-/cosmiconfig-8.3.6.tgz. Extracting by manifest.
2279 silly tarball no local data for @svgr/babel-preset@https://registry.npmjs.org/@svgr/babel-preset/-/babel-preset-8.1.0.tgz. Extracting by manifest.
2280 silly tarball no local data for is-number@https://registry.npmjs.org/is-number/-/is-number-7.0.0.tgz. Extracting by manifest.
2281 silly tarball no local data for @svgr/core@https://registry.npmjs.org/@svgr/core/-/core-8.1.0.tgz. Extracting by manifest.
2282 silly tarball no local data for @svgr/plugin-jsx@https://registry.npmjs.org/@svgr/plugin-jsx/-/plugin-jsx-8.1.0.tgz. Extracting by manifest.
2283 silly tarball no local data for buffer-from@https://registry.npmjs.org/buffer-from/-/buffer-from-1.1.2.tgz. Extracting by manifest.
2284 silly tarball no local data for queue-microtask@https://registry.npmjs.org/queue-microtask/-/queue-microtask-1.2.3.tgz. Extracting by manifest.
2285 silly tarball no local data for source-map-support@https://registry.npmjs.org/source-map-support/-/source-map-support-0.5.21.tgz. Extracting by manifest.
2286 silly tarball no local data for @jridgewell/source-map@https://registry.npmjs.org/@jridgewell/source-map/-/source-map-0.3.11.tgz. Extracting by manifest.
2287 silly tarball no local data for dot-case@https://registry.npmjs.org/dot-case/-/dot-case-3.0.4.tgz. Extracting by manifest.
2288 silly tarball no local data for lower-case@https://registry.npmjs.org/lower-case/-/lower-case-2.0.2.tgz. Extracting by manifest.
2289 silly tarball no local data for no-case@https://registry.npmjs.org/no-case/-/no-case-3.0.4.tgz. Extracting by manifest.
2290 silly tarball no local data for entities@https://registry.npmjs.org/entities/-/entities-2.2.0.tgz. Extracting by manifest.
2291 silly tarball no local data for domelementtype@https://registry.npmjs.org/domelementtype/-/domelementtype-2.3.0.tgz. Extracting by manifest.
2292 silly tarball no local data for dom-serializer@https://registry.npmjs.org/dom-serializer/-/dom-serializer-1.4.1.tgz. Extracting by manifest.
2293 silly tarball no local data for nth-check@https://registry.npmjs.org/nth-check/-/nth-check-2.1.1.tgz. Extracting by manifest.
2294 silly tarball no local data for boolbase@https://registry.npmjs.org/boolbase/-/boolbase-1.0.0.tgz. Extracting by manifest.
2295 silly tarball no local data for domutils@https://registry.npmjs.org/domutils/-/domutils-2.8.0.tgz. Extracting by manifest.
2296 silly tarball no local data for css-what@https://registry.npmjs.org/css-what/-/css-what-6.2.2.tgz. Extracting by manifest.
2297 silly tarball no local data for domhandler@https://registry.npmjs.org/domhandler/-/domhandler-4.3.1.tgz. Extracting by manifest.
2298 silly tarball no local data for css-select@https://registry.npmjs.org/css-select/-/css-select-4.3.0.tgz. Extracting by manifest.
2299 silly tarball no local data for filelist@https://registry.npmjs.org/filelist/-/filelist-1.0.6.tgz. Extracting by manifest.
2300 silly tarball no local data for fill-range@https://registry.npmjs.org/fill-range/-/fill-range-7.1.1.tgz. Extracting by manifest.
2301 silly tarball no local data for braces@https://registry.npmjs.org/braces/-/braces-3.0.3.tgz. Extracting by manifest.
2302 silly tarball no local data for to-regex-range@https://registry.npmjs.org/to-regex-range/-/to-regex-range-5.0.1.tgz. Extracting by manifest.
2303 silly tarball no local data for async@https://registry.npmjs.org/async/-/async-3.2.6.tgz. Extracting by manifest.
2304 silly tarball no local data for tslib@https://registry.npmjs.org/tslib/-/tslib-2.8.1.tgz. Extracting by manifest.
2305 http cache eslint-visitor-keys@https://registry.npmjs.org/eslint-visitor-keys/-/eslint-visitor-keys-3.4.3.tgz 0ms (cache hit)
2306 silly tarball no local data for pascal-case@https://registry.npmjs.org/pascal-case/-/pascal-case-3.1.2.tgz. Extracting by manifest.
2307 silly tarball no local data for relateurl@https://registry.npmjs.org/relateurl/-/relateurl-0.2.7.tgz. Extracting by manifest.
2308 silly tarball no local data for source-map@https://registry.npmjs.org/source-map/-/source-map-0.6.1.tgz. Extracting by manifest.
2309 silly tarball no local data for he@https://registry.npmjs.org/he/-/he-1.2.0.tgz. Extracting by manifest.
2310 silly tarball no local data for terser@https://registry.npmjs.org/terser/-/terser-5.48.0.tgz. Extracting by manifest.
2311 silly tarball no local data for clean-css@https://registry.npmjs.org/clean-css/-/clean-css-5.3.3.tgz. Extracting by manifest.
2312 silly tarball no local data for param-case@https://registry.npmjs.org/param-case/-/param-case-3.0.4.tgz. Extracting by manifest.
2313 silly tarball no local data for commander@https://registry.npmjs.org/commander/-/commander-8.3.0.tgz. Extracting by manifest.
2314 silly tarball no local data for camel-case@https://registry.npmjs.org/camel-case/-/camel-case-4.1.2.tgz. Extracting by manifest.
2315 silly tarball no local data for universalify@https://registry.npmjs.org/universalify/-/universalify-2.0.1.tgz. Extracting by manifest.
2316 silly tarball no local data for jsonfile@https://registry.npmjs.org/jsonfile/-/jsonfile-6.2.1.tgz. Extracting by manifest.
2317 silly tarball no local data for reusify@https://registry.npmjs.org/reusify/-/reusify-1.1.0.tgz. Extracting by manifest.
2318 silly tarball no local data for graceful-fs@https://registry.npmjs.org/graceful-fs/-/graceful-fs-4.2.11.tgz. Extracting by manifest.
2319 silly tarball no local data for fastq@https://registry.npmjs.org/fastq/-/fastq-1.20.1.tgz. Extracting by manifest.
2320 silly tarball no local data for merge2@https://registry.npmjs.org/merge2/-/merge2-1.4.1.tgz. Extracting by manifest.
2321 silly tarball no local data for run-parallel@https://registry.npmjs.org/run-parallel/-/run-parallel-1.2.0.tgz. Extracting by manifest.
2322 silly tarball no local data for @nodelib/fs.scandir@https://registry.npmjs.org/@nodelib/fs.scandir/-/fs.scandir-2.1.5.tgz. Extracting by manifest.
2323 silly tarball no local data for micromatch@https://registry.npmjs.org/micromatch/-/micromatch-4.0.8.tgz. Extracting by manifest.
2324 silly tarball no local data for @nodelib/fs.walk@https://registry.npmjs.org/@nodelib/fs.walk/-/fs.walk-1.2.8.tgz. Extracting by manifest.
2325 silly tarball no local data for @nodelib/fs.stat@https://registry.npmjs.org/@nodelib/fs.stat/-/fs.stat-2.0.5.tgz. Extracting by manifest.
2326 silly tarball no local data for pathe@https://registry.npmjs.org/pathe/-/pathe-0.2.0.tgz. Extracting by manifest.
2327 silly tarball no local data for estree-walker@https://registry.npmjs.org/estree-walker/-/estree-walker-2.0.2.tgz. Extracting by manifest.
2328 silly tarball no local data for jake@https://registry.npmjs.org/jake/-/jake-10.9.4.tgz. Extracting by manifest.
2329 silly tarball no local data for node-html-parser@https://registry.npmjs.org/node-html-parser/-/node-html-parser-5.4.2.tgz. Extracting by manifest.
2330 silly tarball no local data for html-minifier-terser@https://registry.npmjs.org/html-minifier-terser/-/html-minifier-terser-6.1.0.tgz. Extracting by manifest.
2331 silly tarball no local data for fs-extra@https://registry.npmjs.org/fs-extra/-/fs-extra-10.1.0.tgz. Extracting by manifest.
2332 silly tarball no local data for dotenv-expand@https://registry.npmjs.org/dotenv-expand/-/dotenv-expand-8.0.3.tgz. Extracting by manifest.
2333 silly tarball no local data for fast-glob@https://registry.npmjs.org/fast-glob/-/fast-glob-3.3.3.tgz. Extracting by manifest.
2334 silly tarball no local data for ejs@https://registry.npmjs.org/ejs/-/ejs-3.1.10.tgz. Extracting by manifest.
2335 silly tarball no local data for dotenv@https://registry.npmjs.org/dotenv/-/dotenv-16.6.1.tgz. Extracting by manifest.
2336 silly tarball no local data for colorette@https://registry.npmjs.org/colorette/-/colorette-2.0.20.tgz. Extracting by manifest.
2337 silly tarball no local data for connect-history-api-fallback@https://registry.npmjs.org/connect-history-api-fallback/-/connect-history-api-fallback-1.6.0.tgz. Extracting by manifest.
2338 silly tarball no local data for @rollup/pluginutils@https://registry.npmjs.org/@rollup/pluginutils/-/pluginutils-4.2.1.tgz. Extracting by manifest.
2339 silly tarball no local data for consola@https://registry.npmjs.org/consola/-/consola-2.15.3.tgz. Extracting by manifest.
2340 silly tarball no local data for nanoid@https://registry.npmjs.org/nanoid/-/nanoid-3.3.12.tgz. Extracting by manifest.
2341 silly tarball no local data for @rollup/rollup-linux-x64-gnu@https://registry.npmjs.org/@rollup/rollup-linux-x64-gnu/-/rollup-linux-x64-gnu-4.60.4.tgz. Extracting by manifest.
2342 silly tarball no local data for @esbuild/linux-x64@https://registry.npmjs.org/@esbuild/linux-x64/-/linux-x64-0.27.7.tgz. Extracting by manifest.
2343 silly tarball no local data for punycode@https://registry.npmjs.org/punycode/-/punycode-2.3.1.tgz. Extracting by manifest.
2344 silly tarball no local data for postcss@https://registry.npmjs.org/postcss/-/postcss-8.5.15.tgz. Extracting by manifest.
2345 silly tarball no local data for rollup@https://registry.npmjs.org/rollup/-/rollup-4.60.4.tgz. Extracting by manifest.
2346 silly tarball no local data for escalade@https://registry.npmjs.org/escalade/-/escalade-3.2.0.tgz. Extracting by manifest.
2347 silly tarball no local data for fdir@https://registry.npmjs.org/fdir/-/fdir-6.5.0.tgz. Extracting by manifest.
2348 silly tarball no local data for esbuild@https://registry.npmjs.org/esbuild/-/esbuild-0.27.7.tgz. Extracting by manifest.
2349 silly tarball no local data for tinyglobby@https://registry.npmjs.org/tinyglobby/-/tinyglobby-0.2.16.tgz. Extracting by manifest.
2350 silly tarball no local data for @typescript-eslint/tsconfig-utils@https://registry.npmjs.org/@typescript-eslint/tsconfig-utils/-/tsconfig-utils-8.59.4.tgz. Extracting by manifest.
2351 silly tarball no local data for @typescript-eslint/project-service@https://registry.npmjs.org/@typescript-eslint/project-service/-/project-service-8.59.4.tgz. Extracting by manifest.
2352 silly tarball no local data for @typescript-eslint/types@https://registry.npmjs.org/@typescript-eslint/types/-/types-8.59.4.tgz. Extracting by manifest.
2353 http cache @rollup/pluginutils@https://registry.npmjs.org/@rollup/pluginutils/-/pluginutils-5.3.0.tgz 0ms (cache hit)
2354 silly tarball no local data for ts-api-utils@https://registry.npmjs.org/ts-api-utils/-/ts-api-utils-2.5.0.tgz. Extracting by manifest.
2355 silly tarball no local data for @typescript-eslint/type-utils@https://registry.npmjs.org/@typescript-eslint/type-utils/-/type-utils-8.59.4.tgz. Extracting by manifest.
2356 silly tarball no local data for @typescript-eslint/visitor-keys@https://registry.npmjs.org/@typescript-eslint/visitor-keys/-/visitor-keys-8.59.4.tgz. Extracting by manifest.
2357 silly tarball no local data for @typescript-eslint/utils@https://registry.npmjs.org/@typescript-eslint/utils/-/utils-8.59.4.tgz. Extracting by manifest.
2358 silly tarball no local data for @typescript-eslint/eslint-plugin@https://registry.npmjs.org/@typescript-eslint/eslint-plugin/-/eslint-plugin-8.59.4.tgz. Extracting by manifest.
2359 silly tarball no local data for @typescript-eslint/parser@https://registry.npmjs.org/@typescript-eslint/parser/-/parser-8.59.4.tgz. Extracting by manifest.
2360 silly tarball no local data for has-flag@https://registry.npmjs.org/has-flag/-/has-flag-4.0.0.tgz. Extracting by manifest.
2361 silly tarball no local data for @typescript-eslint/typescript-estree@https://registry.npmjs.org/@typescript-eslint/typescript-estree/-/typescript-estree-8.59.4.tgz. Extracting by manifest.
2362 silly tarball no local data for shebang-regex@https://registry.npmjs.org/shebang-regex/-/shebang-regex-3.0.0.tgz. Extracting by manifest.
2363 silly tarball no local data for @typescript-eslint/scope-manager@https://registry.npmjs.org/@typescript-eslint/scope-manager/-/scope-manager-8.59.4.tgz. Extracting by manifest.
2364 silly tarball no local data for readdirp@https://registry.npmjs.org/readdirp/-/readdirp-5.0.0.tgz. Extracting by manifest.
2365 silly tarball no local data for node-addon-api@https://registry.npmjs.org/node-addon-api/-/node-addon-api-7.1.1.tgz. Extracting by manifest.
2366 silly tarball no local data for detect-libc@https://registry.npmjs.org/detect-libc/-/detect-libc-2.1.2.tgz. Extracting by manifest.
2367 silly tarball no local data for picomatch@https://registry.npmjs.org/picomatch/-/picomatch-4.0.4.tgz. Extracting by manifest.
2368 silly tarball no local data for immutable@https://registry.npmjs.org/immutable/-/immutable-5.1.5.tgz. Extracting by manifest.
2369 silly tarball no local data for source-map-js@https://registry.npmjs.org/source-map-js/-/source-map-js-1.2.1.tgz. Extracting by manifest.
2370 silly tarball no local data for @parcel/watcher-linux-x64-glibc@https://registry.npmjs.org/@parcel/watcher-linux-x64-glibc/-/watcher-linux-x64-glibc-2.5.6.tgz. Extracting by manifest.
2371 silly tarball no local data for callsites@https://registry.npmjs.org/callsites/-/callsites-3.1.0.tgz. Extracting by manifest.
2372 silly tarball no local data for scheduler@https://registry.npmjs.org/scheduler/-/scheduler-0.27.0.tgz. Extracting by manifest.
2373 silly tarball no local data for chokidar@https://registry.npmjs.org/chokidar/-/chokidar-5.0.0.tgz. Extracting by manifest.
2374 silly tarball no local data for @parcel/watcher@https://registry.npmjs.org/@parcel/watcher/-/watcher-2.5.6.tgz. Extracting by manifest.
2375 silly tarball no local data for yocto-queue@https://registry.npmjs.org/yocto-queue/-/yocto-queue-0.1.0.tgz. Extracting by manifest.
2376 silly tarball no local data for fast-levenshtein@https://registry.npmjs.org/fast-levenshtein/-/fast-levenshtein-2.0.6.tgz. Extracting by manifest.
2377 silly tarball no local data for word-wrap@https://registry.npmjs.org/word-wrap/-/word-wrap-1.2.5.tgz. Extracting by manifest.
2378 silly tarball no local data for concat-map@https://registry.npmjs.org/concat-map/-/concat-map-0.0.1.tgz. Extracting by manifest.
2379 silly tarball no local data for deep-is@https://registry.npmjs.org/deep-is/-/deep-is-0.1.4.tgz. Extracting by manifest.
2380 silly tarball no local data for brace-expansion@https://registry.npmjs.org/brace-expansion/-/brace-expansion-1.1.14.tgz. Extracting by manifest.
2381 silly tarball no local data for yallist@https://registry.npmjs.org/yallist/-/yallist-3.1.1.tgz. Extracting by manifest.
2382 silly tarball no local data for p-limit@https://registry.npmjs.org/p-limit/-/p-limit-3.1.0.tgz. Extracting by manifest.
2383 silly tarball no local data for balanced-match@https://registry.npmjs.org/balanced-match/-/balanced-match-1.0.2.tgz. Extracting by manifest.
2384 silly tarball no local data for type-check@https://registry.npmjs.org/type-check/-/type-check-0.4.0.tgz. Extracting by manifest.
2385 silly tarball no local data for p-locate@https://registry.npmjs.org/p-locate/-/p-locate-5.0.0.tgz. Extracting by manifest.
2386 silly tarball no local data for prelude-ls@https://registry.npmjs.org/prelude-ls/-/prelude-ls-1.2.1.tgz. Extracting by manifest.
2387 silly tarball no local data for json-buffer@https://registry.npmjs.org/json-buffer/-/json-buffer-3.0.1.tgz. Extracting by manifest.
2388 silly tarball no local data for resolve-from@https://registry.npmjs.org/resolve-from/-/resolve-from-4.0.0.tgz. Extracting by manifest.
2389 silly tarball no local data for argparse@https://registry.npmjs.org/argparse/-/argparse-2.0.1.tgz. Extracting by manifest.
2390 silly tarball no local data for parent-module@https://registry.npmjs.org/parent-module/-/parent-module-1.0.1.tgz. Extracting by manifest.
2391 silly tarball no local data for is-extglob@https://registry.npmjs.org/is-extglob/-/is-extglob-2.1.1.tgz. Extracting by manifest.
2392 silly tarball no local data for flatted@https://registry.npmjs.org/flatted/-/flatted-3.4.2.tgz. Extracting by manifest.
2393 silly tarball no local data for keyv@https://registry.npmjs.org/keyv/-/keyv-4.5.4.tgz. Extracting by manifest.
2394 silly tarball no local data for path-exists@https://registry.npmjs.org/path-exists/-/path-exists-4.0.0.tgz. Extracting by manifest.
2395 silly tarball no local data for flat-cache@https://registry.npmjs.org/flat-cache/-/flat-cache-4.0.1.tgz. Extracting by manifest.
2396 silly tarball no local data for locate-path@https://registry.npmjs.org/locate-path/-/locate-path-6.0.0.tgz. Extracting by manifest.
2397 silly tarball no local data for acorn-jsx@https://registry.npmjs.org/acorn-jsx/-/acorn-jsx-5.3.2.tgz. Extracting by manifest.
2398 silly tarball no local data for estraverse@https://registry.npmjs.org/estraverse/-/estraverse-5.3.0.tgz. Extracting by manifest.
2399 silly tarball no local data for acorn@https://registry.npmjs.org/acorn/-/acorn-8.16.0.tgz. Extracting by manifest.
2400 silly tarball no local data for esrecurse@https://registry.npmjs.org/esrecurse/-/esrecurse-4.3.0.tgz. Extracting by manifest.
2401 silly tarball no local data for which@https://registry.npmjs.org/which/-/which-2.0.2.tgz. Extracting by manifest.
2402 silly tarball no local data for path-key@https://registry.npmjs.org/path-key/-/path-key-3.1.1.tgz. Extracting by manifest.
2403 silly tarball no local data for shebang-command@https://registry.npmjs.org/shebang-command/-/shebang-command-2.0.0.tgz. Extracting by manifest.
2404 silly tarball no local data for uri-js@https://registry.npmjs.org/uri-js/-/uri-js-4.4.1.tgz. Extracting by manifest.
2405 silly tarball no local data for ansi-styles@https://registry.npmjs.org/ansi-styles/-/ansi-styles-4.3.0.tgz. Extracting by manifest.
2406 silly tarball no local data for color-convert@https://registry.npmjs.org/color-convert/-/color-convert-2.0.1.tgz. Extracting by manifest.
2407 silly tarball no local data for color-name@https://registry.npmjs.org/color-name/-/color-name-1.1.4.tgz. Extracting by manifest.
2408 silly tarball no local data for supports-color@https://registry.npmjs.org/supports-color/-/supports-color-7.2.0.tgz. Extracting by manifest.
2409 silly tarball no local data for json-schema-traverse@https://registry.npmjs.org/json-schema-traverse/-/json-schema-traverse-0.4.1.tgz. Extracting by manifest.
2410 silly tarball no local data for fast-json-stable-stringify@https://registry.npmjs.org/fast-json-stable-stringify/-/fast-json-stable-stringify-2.1.0.tgz. Extracting by manifest.
2411 silly tarball no local data for @humanfs/core@https://registry.npmjs.org/@humanfs/core/-/core-0.19.2.tgz. Extracting by manifest.
2412 silly tarball no local data for @humanfs/types@https://registry.npmjs.org/@humanfs/types/-/types-0.15.0.tgz. Extracting by manifest.
2413 silly tarball no local data for levn@https://registry.npmjs.org/levn/-/levn-0.4.1.tgz. Extracting by manifest.
2414 silly tarball no local data for strip-json-comments@https://registry.npmjs.org/strip-json-comments/-/strip-json-comments-3.1.1.tgz. Extracting by manifest.
2415 silly tarball no local data for import-fresh@https://registry.npmjs.org/import-fresh/-/import-fresh-3.3.1.tgz. Extracting by manifest.
2416 silly tarball no local data for globals@https://registry.npmjs.org/globals/-/globals-14.0.0.tgz. Extracting by manifest.
2417 silly tarball no local data for js-yaml@https://registry.npmjs.org/js-yaml/-/js-yaml-4.1.1.tgz. Extracting by manifest.
2418 silly tarball no local data for @eslint/object-schema@https://registry.npmjs.org/@eslint/object-schema/-/object-schema-2.1.7.tgz. Extracting by manifest.
2419 silly tarball no local data for optionator@https://registry.npmjs.org/optionator/-/optionator-0.9.4.tgz. Extracting by manifest.
2420 silly tarball no local data for natural-compare@https://registry.npmjs.org/natural-compare/-/natural-compare-1.4.0.tgz. Extracting by manifest.
2421 silly tarball no local data for lodash.merge@https://registry.npmjs.org/lodash.merge/-/lodash.merge-4.6.2.tgz. Extracting by manifest.
2422 silly tarball no local data for json-stable-stringify-without-jsonify@https://registry.npmjs.org/json-stable-stringify-without-jsonify/-/json-stable-stringify-without-jsonify-1.0.1.tgz. Extracting by manifest.
2423 silly tarball no local data for minimatch@https://registry.npmjs.org/minimatch/-/minimatch-3.1.5.tgz. Extracting by manifest.
2424 silly tarball no local data for is-glob@https://registry.npmjs.org/is-glob/-/is-glob-4.0.3.tgz. Extracting by manifest.
2425 silly tarball no local data for glob-parent@https://registry.npmjs.org/glob-parent/-/glob-parent-6.0.2.tgz. Extracting by manifest.
2426 silly tarball no local data for ignore@https://registry.npmjs.org/ignore/-/ignore-5.3.2.tgz. Extracting by manifest.
2427 silly tarball no local data for find-up@https://registry.npmjs.org/find-up/-/find-up-5.0.0.tgz. Extracting by manifest.
2428 silly tarball no local data for file-entry-cache@https://registry.npmjs.org/file-entry-cache/-/file-entry-cache-8.0.0.tgz. Extracting by manifest.
2429 silly tarball no local data for imurmurhash@https://registry.npmjs.org/imurmurhash/-/imurmurhash-0.1.4.tgz. Extracting by manifest.
2430 silly tarball no local data for fast-deep-equal@https://registry.npmjs.org/fast-deep-equal/-/fast-deep-equal-3.1.3.tgz. Extracting by manifest.
2431 silly tarball no local data for esutils@https://registry.npmjs.org/esutils/-/esutils-2.0.3.tgz. Extracting by manifest.
2432 silly tarball no local data for esquery@https://registry.npmjs.org/esquery/-/esquery-1.7.0.tgz. Extracting by manifest.
2433 silly tarball no local data for eslint-scope@https://registry.npmjs.org/eslint-scope/-/eslint-scope-8.4.0.tgz. Extracting by manifest.
2434 silly tarball no local data for espree@https://registry.npmjs.org/espree/-/espree-10.4.0.tgz. Extracting by manifest.
2435 silly tarball no local data for eslint-visitor-keys@https://registry.npmjs.org/eslint-visitor-keys/-/eslint-visitor-keys-4.2.1.tgz. Extracting by manifest.
2436 silly tarball no local data for escape-string-regexp@https://registry.npmjs.org/escape-string-regexp/-/escape-string-regexp-4.0.0.tgz. Extracting by manifest.
2437 silly tarball no local data for chalk@https://registry.npmjs.org/chalk/-/chalk-4.1.2.tgz. Extracting by manifest.
2438 silly tarball no local data for @humanwhocodes/retry@https://registry.npmjs.org/@humanwhocodes/retry/-/retry-0.4.3.tgz. Extracting by manifest.
2439 silly tarball no local data for cross-spawn@https://registry.npmjs.org/cross-spawn/-/cross-spawn-7.0.6.tgz. Extracting by manifest.
2440 silly tarball no local data for @humanfs/node@https://registry.npmjs.org/@humanfs/node/-/node-0.16.8.tgz. Extracting by manifest.
2441 silly tarball no local data for @humanwhocodes/module-importer@https://registry.npmjs.org/@humanwhocodes/module-importer/-/module-importer-1.0.1.tgz. Extracting by manifest.
2442 silly tarball no local data for ajv@https://registry.npmjs.org/ajv/-/ajv-6.15.0.tgz. Extracting by manifest.
2443 silly tarball no local data for @eslint/eslintrc@https://registry.npmjs.org/@eslint/eslintrc/-/eslintrc-3.3.5.tgz. Extracting by manifest.
2444 silly tarball no local data for @eslint/plugin-kit@https://registry.npmjs.org/@eslint/plugin-kit/-/plugin-kit-0.4.1.tgz. Extracting by manifest.
2445 silly tarball no local data for @eslint/core@https://registry.npmjs.org/@eslint/core/-/core-0.17.0.tgz. Extracting by manifest.
2446 silly tarball no local data for @eslint/config-array@https://registry.npmjs.org/@eslint/config-array/-/config-array-0.21.2.tgz. Extracting by manifest.
2447 silly tarball no local data for @eslint-community/regexpp@https://registry.npmjs.org/@eslint-community/regexpp/-/regexpp-4.12.2.tgz. Extracting by manifest.
2448 silly tarball no local data for @eslint/config-helpers@https://registry.npmjs.org/@eslint/config-helpers/-/config-helpers-0.4.2.tgz. Extracting by manifest.
2449 silly tarball no local data for update-browserslist-db@https://registry.npmjs.org/update-browserslist-db/-/update-browserslist-db-1.2.3.tgz. Extracting by manifest.
2450 silly tarball no local data for @eslint-community/eslint-utils@https://registry.npmjs.org/@eslint-community/eslint-utils/-/eslint-utils-4.9.1.tgz. Extracting by manifest.
2451 silly tarball no local data for electron-to-chromium@https://registry.npmjs.org/electron-to-chromium/-/electron-to-chromium-1.5.361.tgz. Extracting by manifest.
2452 silly tarball no local data for caniuse-lite@https://registry.npmjs.org/caniuse-lite/-/caniuse-lite-1.0.30001793.tgz. Extracting by manifest.
2453 silly tarball no local data for node-releases@https://registry.npmjs.org/node-releases/-/node-releases-2.0.46.tgz. Extracting by manifest.
2454 silly tarball no local data for ms@https://registry.npmjs.org/ms/-/ms-2.1.3.tgz. Extracting by manifest.
2455 silly tarball no local data for @types/babel__traverse@https://registry.npmjs.org/@types/babel__traverse/-/babel__traverse-7.28.0.tgz. Extracting by manifest.
2456 silly tarball no local data for baseline-browser-mapping@https://registry.npmjs.org/baseline-browser-mapping/-/baseline-browser-mapping-2.10.32.tgz. Extracting by manifest.
2457 silly tarball no local data for @types/babel__generator@https://registry.npmjs.org/@types/babel__generator/-/babel__generator-7.27.0.tgz. Extracting by manifest.
2458 silly tarball no local data for @babel/helper-globals@https://registry.npmjs.org/@babel/helper-globals/-/helper-globals-7.28.0.tgz. Extracting by manifest.
2459 silly tarball no local data for @types/babel__template@https://registry.npmjs.org/@types/babel__template/-/babel__template-7.4.4.tgz. Extracting by manifest.
2460 silly tarball no local data for @babel/helper-string-parser@https://registry.npmjs.org/@babel/helper-string-parser/-/helper-string-parser-7.27.1.tgz. Extracting by manifest.
2461 silly tarball no local data for @jridgewell/sourcemap-codec@https://registry.npmjs.org/@jridgewell/sourcemap-codec/-/sourcemap-codec-1.5.5.tgz. Extracting by manifest.
2462 silly tarball no local data for @babel/helper-plugin-utils@https://registry.npmjs.org/@babel/helper-plugin-utils/-/helper-plugin-utils-7.28.6.tgz. Extracting by manifest.
2463 silly tarball no local data for @jridgewell/resolve-uri@https://registry.npmjs.org/@jridgewell/resolve-uri/-/resolve-uri-3.1.2.tgz. Extracting by manifest.
2464 silly tarball no local data for browserslist@https://registry.npmjs.org/browserslist/-/browserslist-4.28.2.tgz. Extracting by manifest.
2465 silly tarball no local data for lru-cache@https://registry.npmjs.org/lru-cache/-/lru-cache-5.1.1.tgz. Extracting by manifest.
2466 silly tarball no local data for @babel/helper-module-imports@https://registry.npmjs.org/@babel/helper-module-imports/-/helper-module-imports-7.28.6.tgz. Extracting by manifest.
2467 silly tarball no local data for jsesc@https://registry.npmjs.org/jsesc/-/jsesc-3.1.0.tgz. Extracting by manifest.
2468 silly tarball no local data for @babel/compat-data@https://registry.npmjs.org/@babel/compat-data/-/compat-data-7.29.3.tgz. Extracting by manifest.
2469 silly tarball no local data for js-tokens@https://registry.npmjs.org/js-tokens/-/js-tokens-4.0.0.tgz. Extracting by manifest.
2470 silly tarball no local data for @jridgewell/gen-mapping@https://registry.npmjs.org/@jridgewell/gen-mapping/-/gen-mapping-0.3.13.tgz. Extracting by manifest.
2471 silly tarball no local data for @jridgewell/trace-mapping@https://registry.npmjs.org/@jridgewell/trace-mapping/-/trace-mapping-0.3.31.tgz. Extracting by manifest.
2472 silly tarball no local data for picocolors@https://registry.npmjs.org/picocolors/-/picocolors-1.1.1.tgz. Extracting by manifest.
2473 silly tarball no local data for @babel/helper-validator-option@https://registry.npmjs.org/@babel/helper-validator-option/-/helper-validator-option-7.27.1.tgz. Extracting by manifest.
2474 silly tarball no local data for semver@https://registry.npmjs.org/semver/-/semver-6.3.1.tgz. Extracting by manifest.
2475 silly tarball no local data for gensync@https://registry.npmjs.org/gensync/-/gensync-1.0.0-beta.2.tgz. Extracting by manifest.
2476 silly tarball no local data for @babel/helper-validator-identifier@https://registry.npmjs.org/@babel/helper-validator-identifier/-/helper-validator-identifier-7.28.5.tgz. Extracting by manifest.
2477 silly tarball no local data for debug@https://registry.npmjs.org/debug/-/debug-4.4.3.tgz. Extracting by manifest.
2478 silly tarball no local data for json5@https://registry.npmjs.org/json5/-/json5-2.2.3.tgz. Extracting by manifest.
2479 silly tarball no local data for @jridgewell/remapping@https://registry.npmjs.org/@jridgewell/remapping/-/remapping-2.3.5.tgz. Extracting by manifest.
2480 silly tarball no local data for convert-source-map@https://registry.npmjs.org/convert-source-map/-/convert-source-map-2.0.0.tgz. Extracting by manifest.
2481 silly tarball no local data for @babel/traverse@https://registry.npmjs.org/@babel/traverse/-/traverse-7.29.0.tgz. Extracting by manifest.
2482 silly tarball no local data for @babel/parser@https://registry.npmjs.org/@babel/parser/-/parser-7.29.3.tgz. Extracting by manifest.
2483 silly tarball no local data for @babel/template@https://registry.npmjs.org/@babel/template/-/template-7.28.6.tgz. Extracting by manifest.
2484 silly tarball no local data for @babel/types@https://registry.npmjs.org/@babel/types/-/types-7.29.0.tgz. Extracting by manifest.
2485 silly tarball no local data for @babel/helper-module-transforms@https://registry.npmjs.org/@babel/helper-module-transforms/-/helper-module-transforms-7.28.6.tgz. Extracting by manifest.
2486 silly tarball no local data for @babel/helper-compilation-targets@https://registry.npmjs.org/@babel/helper-compilation-targets/-/helper-compilation-targets-7.28.6.tgz. Extracting by manifest.
2487 silly tarball no local data for @types/babel__core@https://registry.npmjs.org/@types/babel__core/-/babel__core-7.20.5.tgz. Extracting by manifest.
2488 silly tarball no local data for @babel/code-frame@https://registry.npmjs.org/@babel/code-frame/-/code-frame-7.29.0.tgz. Extracting by manifest.
2489 silly tarball no local data for react-refresh@https://registry.npmjs.org/react-refresh/-/react-refresh-0.17.0.tgz. Extracting by manifest.
2490 silly tarball no local data for @babel/generator@https://registry.npmjs.org/@babel/generator/-/generator-7.29.1.tgz. Extracting by manifest.
2491 silly tarball no local data for @rolldown/pluginutils@https://registry.npmjs.org/@rolldown/pluginutils/-/pluginutils-1.0.0-beta.27.tgz. Extracting by manifest.
2492 silly tarball no local data for @babel/helpers@https://registry.npmjs.org/@babel/helpers/-/helpers-7.29.2.tgz. Extracting by manifest.
2493 silly tarball no local data for @babel/plugin-transform-react-jsx-self@https://registry.npmjs.org/@babel/plugin-transform-react-jsx-self/-/plugin-transform-react-jsx-self-7.27.1.tgz. Extracting by manifest.
2494 silly tarball no local data for @babel/core@https://registry.npmjs.org/@babel/core/-/core-7.29.0.tgz. Extracting by manifest.
2495 silly tarball no local data for csstype@https://registry.npmjs.org/csstype/-/csstype-3.2.3.tgz. Extracting by manifest.
2496 silly tarball no local data for @babel/plugin-transform-react-jsx-source@https://registry.npmjs.org/@babel/plugin-transform-react-jsx-source/-/plugin-transform-react-jsx-source-7.27.1.tgz. Extracting by manifest.
2497 silly tarball no local data for undici-types@https://registry.npmjs.org/undici-types/-/undici-types-7.16.0.tgz. Extracting by manifest.
2498 silly tarball no local data for vite-plugin-svgr@https://registry.npmjs.org/vite-plugin-svgr/-/vite-plugin-svgr-4.5.0.tgz. Extracting by manifest.
2499 silly tarball no local data for vite-plugin-html@https://registry.npmjs.org/vite-plugin-html/-/vite-plugin-html-3.2.2.tgz. Extracting by manifest.
2500 silly tarball no local data for @types/estree@https://registry.npmjs.org/@types/estree/-/estree-1.0.9.tgz. Extracting by manifest.
2501 silly tarball no local data for typescript-eslint@https://registry.npmjs.org/typescript-eslint/-/typescript-eslint-8.59.4.tgz. Extracting by manifest.
2502 silly tarball no local data for @types/json-schema@https://registry.npmjs.org/@types/json-schema/-/json-schema-7.0.15.tgz. Extracting by manifest.
2503 silly tarball no local data for typescript@https://registry.npmjs.org/typescript/-/typescript-4.9.5.tgz. Extracting by manifest.
2504 silly tarball no local data for sass@https://registry.npmjs.org/sass/-/sass-1.100.0.tgz. Extracting by manifest.
2505 silly tarball no local data for react-dom@https://registry.npmjs.org/react-dom/-/react-dom-19.2.6.tgz. Extracting by manifest.
2506 silly tarball no local data for prettier@https://registry.npmjs.org/prettier/-/prettier-3.8.3.tgz. Extracting by manifest.
2507 silly tarball no local data for react@https://registry.npmjs.org/react/-/react-19.2.6.tgz. Extracting by manifest.
2508 silly tarball no local data for eslint-plugin-react-refresh@https://registry.npmjs.org/eslint-plugin-react-refresh/-/eslint-plugin-react-refresh-0.4.26.tgz. Extracting by manifest.
2509 silly tarball no local data for eslint-plugin-react-hooks@https://registry.npmjs.org/eslint-plugin-react-hooks/-/eslint-plugin-react-hooks-5.2.0.tgz. Extracting by manifest.
2510 silly tarball no local data for eslint@https://registry.npmjs.org/eslint/-/eslint-9.39.4.tgz. Extracting by manifest.
2511 silly tarball no local data for @vitejs/plugin-react@https://registry.npmjs.org/@vitejs/plugin-react/-/plugin-react-4.7.0.tgz. Extracting by manifest.
2512 silly tarball no local data for dayjs@https://registry.npmjs.org/dayjs/-/dayjs-1.11.20.tgz. Extracting by manifest.
2513 silly tarball no local data for vite@https://registry.npmjs.org/vite/-/vite-7.3.3.tgz. Extracting by manifest.
2514 silly tarball no local data for @types/react@https://registry.npmjs.org/@types/react/-/react-19.2.15.tgz. Extracting by manifest.
2515 silly tarball no local data for @types/react-dom@https://registry.npmjs.org/@types/react-dom/-/react-dom-19.2.3.tgz. Extracting by manifest.
2516 silly tarball no local data for commander@https://registry.npmjs.org/commander/-/commander-2.20.3.tgz. Extracting by manifest.
2517 silly tarball no local data for @types/eslint@https://registry.npmjs.org/@types/eslint/-/eslint-8.56.12.tgz. Extracting by manifest.
2518 silly tarball no local data for @eslint/js@https://registry.npmjs.org/@eslint/js/-/js-9.39.4.tgz. Extracting by manifest.
2519 silly tarball no local data for @types/node@https://registry.npmjs.org/@types/node/-/node-24.12.4.tgz. Extracting by manifest.
2520 silly tarball no local data for entities@https://registry.npmjs.org/entities/-/entities-4.5.0.tgz. Extracting by manifest.
2521 silly tarball no local data for minimatch@https://registry.npmjs.org/minimatch/-/minimatch-5.1.9.tgz. Extracting by manifest.
2522 silly tarball no local data for brace-expansion@https://registry.npmjs.org/brace-expansion/-/brace-expansion-2.1.0.tgz. Extracting by manifest.
2523 silly tarball no local data for picomatch@https://registry.npmjs.org/picomatch/-/picomatch-2.3.2.tgz. Extracting by manifest.
2524 silly tarball no local data for picomatch@https://registry.npmjs.org/picomatch/-/picomatch-2.3.2.tgz. Extracting by manifest.
2525 silly tarball no local data for @types/estree@https://registry.npmjs.org/@types/estree/-/estree-1.0.8.tgz. Extracting by manifest.
2526 silly tarball no local data for balanced-match@https://registry.npmjs.org/balanced-match/-/balanced-match-4.0.4.tgz. Extracting by manifest.
2527 silly tarball no local data for eslint-visitor-keys@https://registry.npmjs.org/eslint-visitor-keys/-/eslint-visitor-keys-5.0.1.tgz. Extracting by manifest.
2528 silly tarball no local data for glob-parent@https://registry.npmjs.org/glob-parent/-/glob-parent-5.1.2.tgz. Extracting by manifest.
2529 silly tarball no local data for semver@https://registry.npmjs.org/semver/-/semver-7.8.1.tgz. Extracting by manifest.
2530 silly tarball no local data for brace-expansion@https://registry.npmjs.org/brace-expansion/-/brace-expansion-5.0.6.tgz. Extracting by manifest.
2531 silly tarball no local data for minimatch@https://registry.npmjs.org/minimatch/-/minimatch-10.2.5.tgz. Extracting by manifest.
2532 silly tarball no local data for ignore@https://registry.npmjs.org/ignore/-/ignore-7.0.5.tgz. Extracting by manifest.
2533 silly tarball no local data for eslint-visitor-keys@https://registry.npmjs.org/eslint-visitor-keys/-/eslint-visitor-keys-3.4.3.tgz. Extracting by manifest.
2534 silly tarball no local data for @rollup/pluginutils@https://registry.npmjs.org/@rollup/pluginutils/-/pluginutils-5.3.0.tgz. Extracting by manifest.
2535 http fetch POST 200 https://registry.npmjs.org/-/npm/v1/security/advisories/bulk 407ms
2536 silly audit report {}
2537 http fetch GET 200 https://registry.npmjs.org/isexe/-/isexe-2.0.0.tgz 1376ms (cache miss)
2538 http fetch GET 200 https://registry.npmjs.org/parse-json/-/parse-json-5.2.0.tgz 1376ms (cache miss)
2539 http fetch GET 200 https://registry.npmjs.org/lines-and-columns/-/lines-and-columns-1.2.4.tgz 1381ms (cache miss)
2540 http fetch GET 200 https://registry.npmjs.org/error-ex/-/error-ex-1.3.4.tgz 1817ms (cache miss)
2541 http fetch GET 200 https://registry.npmjs.org/path-type/-/path-type-4.0.0.tgz 1816ms (cache miss)
2542 http fetch GET 200 https://registry.npmjs.org/camelcase/-/camelcase-6.3.0.tgz 2153ms (cache miss)
2543 http fetch GET 200 https://registry.npmjs.org/@svgr/babel-plugin-remove-jsx-attribute/-/babel-plugin-remove-jsx-attribute-8.0.0.tgz 2350ms (cache miss)
2544 http fetch GET 200 https://registry.npmjs.org/json-parse-even-better-errors/-/json-parse-even-better-errors-2.3.1.tgz 2359ms (cache miss)
2545 http fetch GET 200 https://registry.npmjs.org/buffer-from/-/buffer-from-1.1.2.tgz 2506ms (cache miss)
2546 http fetch GET 200 https://registry.npmjs.org/queue-microtask/-/queue-microtask-1.2.3.tgz 2506ms (cache miss)
2547 http fetch GET 200 https://registry.npmjs.org/dot-case/-/dot-case-3.0.4.tgz 2516ms (cache miss)
2548 http fetch GET 200 https://registry.npmjs.org/@svgr/core/-/core-8.1.0.tgz 2544ms (cache miss)
2549 http fetch GET 200 https://registry.npmjs.org/is-number/-/is-number-7.0.0.tgz 2848ms (cache miss)
2550 http fetch GET 200 https://registry.npmjs.org/@svgr/babel-plugin-remove-jsx-empty-expression/-/babel-plugin-remove-jsx-empty-expression-8.0.0.tgz 2851ms (cache miss)
2551 http fetch GET 200 https://registry.npmjs.org/@svgr/babel-preset/-/babel-preset-8.1.0.tgz 2851ms (cache miss)
2552 http fetch GET 200 https://registry.npmjs.org/source-map-support/-/source-map-support-0.5.21.tgz 2850ms (cache miss)
2553 http fetch GET 200 https://registry.npmjs.org/@jridgewell/source-map/-/source-map-0.3.11.tgz 3133ms (cache miss)
2554 http fetch GET 200 https://registry.npmjs.org/@svgr/babel-plugin-add-jsx-attribute/-/babel-plugin-add-jsx-attribute-8.0.0.tgz 3144ms (cache miss)
2555 http fetch GET 200 https://registry.npmjs.org/to-regex-range/-/to-regex-range-5.0.1.tgz 3174ms (cache miss)
2556 http fetch GET 200 https://registry.npmjs.org/@svgr/babel-plugin-svg-dynamic-title/-/babel-plugin-svg-dynamic-title-8.0.0.tgz 3453ms (cache miss)
2557 http fetch GET 200 https://registry.npmjs.org/@svgr/plugin-jsx/-/plugin-jsx-8.1.0.tgz 3448ms (cache miss)
2558 http fetch GET 200 https://registry.npmjs.org/dom-serializer/-/dom-serializer-1.4.1.tgz 3445ms (cache miss)
2559 http fetch GET 200 https://registry.npmjs.org/is-arrayish/-/is-arrayish-0.2.1.tgz 3753ms (cache miss)
2560 http fetch GET 200 https://registry.npmjs.org/boolbase/-/boolbase-1.0.0.tgz 3740ms (cache miss)
2561 http fetch GET 200 https://registry.npmjs.org/filelist/-/filelist-1.0.6.tgz 3745ms (cache miss)
2562 http fetch GET 200 https://registry.npmjs.org/param-case/-/param-case-3.0.4.tgz 3740ms (cache miss)
2563 http fetch GET 200 https://registry.npmjs.org/fill-range/-/fill-range-7.1.1.tgz 3755ms (cache miss)
2564 http fetch GET 200 https://registry.npmjs.org/@svgr/babel-plugin-transform-react-native-svg/-/babel-plugin-transform-react-native-svg-8.1.0.tgz 4020ms (cache miss)
2565 http fetch GET 200 https://registry.npmjs.org/nth-check/-/nth-check-2.1.1.tgz 4012ms (cache miss)
2566 http fetch GET 200 https://registry.npmjs.org/@svgr/babel-plugin-replace-jsx-attribute-value/-/babel-plugin-replace-jsx-attribute-value-8.0.0.tgz 4056ms (cache miss)
2567 http fetch GET 200 https://registry.npmjs.org/universalify/-/universalify-2.0.1.tgz 4103ms (cache miss)
2568 http fetch GET 200 https://registry.npmjs.org/merge2/-/merge2-1.4.1.tgz 4124ms (cache miss)
2569 http fetch GET 200 https://registry.npmjs.org/domelementtype/-/domelementtype-2.3.0.tgz 4142ms (cache miss)
2570 http fetch GET 200 https://registry.npmjs.org/reusify/-/reusify-1.1.0.tgz 4192ms (cache miss)
2571 http fetch GET 200 https://registry.npmjs.org/graceful-fs/-/graceful-fs-4.2.11.tgz 4594ms (cache miss)
2572 http fetch GET 200 https://registry.npmjs.org/@svgr/babel-plugin-svg-em-dimensions/-/babel-plugin-svg-em-dimensions-8.0.0.tgz 4621ms (cache miss)
2573 http fetch GET 200 https://registry.npmjs.org/he/-/he-1.2.0.tgz 5006ms (cache miss)
2574 http fetch GET 200 https://registry.npmjs.org/jsonfile/-/jsonfile-6.2.1.tgz 5005ms (cache miss)
2575 http fetch GET 200 https://registry.npmjs.org/fastq/-/fastq-1.20.1.tgz 5006ms (cache miss)
2576 http fetch GET 200 https://registry.npmjs.org/run-parallel/-/run-parallel-1.2.0.tgz 5006ms (cache miss)
2577 http fetch GET 200 https://registry.npmjs.org/pathe/-/pathe-0.2.0.tgz 5009ms (cache miss)
2578 http fetch GET 200 https://registry.npmjs.org/dotenv-expand/-/dotenv-expand-8.0.3.tgz 5301ms (cache miss)
2579 http fetch GET 200 https://registry.npmjs.org/connect-history-api-fallback/-/connect-history-api-fallback-1.6.0.tgz 5328ms (cache miss)
2580 http fetch GET 200 https://registry.npmjs.org/escalade/-/escalade-3.2.0.tgz 5326ms (cache miss)
2581 http fetch GET 200 https://registry.npmjs.org/tinyglobby/-/tinyglobby-0.2.16.tgz 5326ms (cache miss)
2582 http fetch GET 200 https://registry.npmjs.org/@typescript-eslint/tsconfig-utils/-/tsconfig-utils-8.59.4.tgz 5337ms (cache miss)
2583 http fetch GET 200 https://registry.npmjs.org/@nodelib/fs.walk/-/fs.walk-1.2.8.tgz 5688ms (cache miss)
2584 http fetch GET 200 https://registry.npmjs.org/@nodelib/fs.stat/-/fs.stat-2.0.5.tgz 5688ms (cache miss)
2585 http fetch GET 200 https://registry.npmjs.org/punycode/-/punycode-2.3.1.tgz 5682ms (cache miss)
2586 http fetch GET 200 https://registry.npmjs.org/readdirp/-/readdirp-5.0.0.tgz 5677ms (cache miss)
2587 http fetch GET 200 https://registry.npmjs.org/has-flag/-/has-flag-4.0.0.tgz 5683ms (cache miss)
2588 http fetch GET 200 https://registry.npmjs.org/detect-libc/-/detect-libc-2.1.2.tgz 5683ms (cache miss)
2589 http fetch GET 200 https://registry.npmjs.org/svg-parser/-/svg-parser-2.0.4.tgz 5959ms (cache miss)
2590 http fetch GET 200 https://registry.npmjs.org/colorette/-/colorette-2.0.20.tgz 5940ms (cache miss)
2591 http fetch GET 200 https://registry.npmjs.org/callsites/-/callsites-3.1.0.tgz 5934ms (cache miss)
2592 http fetch GET 200 https://registry.npmjs.org/@typescript-eslint/project-service/-/project-service-8.59.4.tgz 5944ms (cache miss)
2593 http fetch GET 200 https://registry.npmjs.org/fdir/-/fdir-6.5.0.tgz 5966ms (cache miss)
2594 http fetch GET 200 https://registry.npmjs.org/concat-map/-/concat-map-0.0.1.tgz 5954ms (cache miss)
2595 http fetch GET 200 https://registry.npmjs.org/@typescript-eslint/parser/-/parser-8.59.4.tgz 6167ms (cache miss)
2596 http fetch GET 200 https://registry.npmjs.org/yallist/-/yallist-3.1.1.tgz 6162ms (cache miss)
2597 http fetch GET 200 https://registry.npmjs.org/chokidar/-/chokidar-5.0.0.tgz 6168ms (cache miss)
2598 http fetch GET 200 https://registry.npmjs.org/p-limit/-/p-limit-3.1.0.tgz 6164ms (cache miss)
2599 http fetch GET 200 https://registry.npmjs.org/deep-is/-/deep-is-0.1.4.tgz 6166ms (cache miss)
2600 http fetch GET 200 https://registry.npmjs.org/shebang-regex/-/shebang-regex-3.0.0.tgz 6178ms (cache miss)
2601 http fetch GET 200 https://registry.npmjs.org/p-locate/-/p-locate-5.0.0.tgz 6167ms (cache miss)
2602 http fetch GET 200 https://registry.npmjs.org/yocto-queue/-/yocto-queue-0.1.0.tgz 6457ms (cache miss)
2603 http fetch GET 200 https://registry.npmjs.org/word-wrap/-/word-wrap-1.2.5.tgz 6458ms (cache miss)
2604 http fetch GET 200 https://registry.npmjs.org/scheduler/-/scheduler-0.27.0.tgz 6463ms (cache miss)
2605 http fetch GET 200 https://registry.npmjs.org/locate-path/-/locate-path-6.0.0.tgz 6451ms (cache miss)
2606 http fetch GET 200 https://registry.npmjs.org/acorn-jsx/-/acorn-jsx-5.3.2.tgz 6480ms (cache miss)
2607 http fetch GET 200 https://registry.npmjs.org/parent-module/-/parent-module-1.0.1.tgz 6485ms (cache miss)
2608 http fetch GET 200 https://registry.npmjs.org/is-extglob/-/is-extglob-2.1.1.tgz 6485ms (cache miss)
2609 http fetch GET 200 https://registry.npmjs.org/esrecurse/-/esrecurse-4.3.0.tgz 6484ms (cache miss)
2610 http fetch GET 200 https://registry.npmjs.org/brace-expansion/-/brace-expansion-1.1.14.tgz 6495ms (cache miss)
2611 http fetch GET 200 https://registry.npmjs.org/estraverse/-/estraverse-5.3.0.tgz 6487ms (cache miss)
2612 http fetch GET 200 https://registry.npmjs.org/@svgr/babel-plugin-transform-svg-component/-/babel-plugin-transform-svg-component-8.0.0.tgz 6856ms (cache miss)
2613 http fetch GET 200 https://registry.npmjs.org/keyv/-/keyv-4.5.4.tgz 6809ms (cache miss)
2614 http fetch GET 200 https://registry.npmjs.org/flat-cache/-/flat-cache-4.0.1.tgz 6812ms (cache miss)
2615 http fetch GET 200 https://registry.npmjs.org/type-check/-/type-check-0.4.0.tgz 6819ms (cache miss)
2616 http fetch GET 200 https://registry.npmjs.org/balanced-match/-/balanced-match-1.0.2.tgz 6820ms (cache miss)
2617 http fetch GET 200 https://registry.npmjs.org/path-key/-/path-key-3.1.1.tgz 6811ms (cache miss)
2618 http fetch GET 200 https://registry.npmjs.org/fast-levenshtein/-/fast-levenshtein-2.0.6.tgz 6827ms (cache miss)
2619 http fetch GET 200 https://registry.npmjs.org/json-buffer/-/json-buffer-3.0.1.tgz 6824ms (cache miss)
2620 http fetch GET 200 https://registry.npmjs.org/import-fresh/-/import-fresh-3.3.1.tgz 6811ms (cache miss)
2621 http fetch GET 200 https://registry.npmjs.org/color-convert/-/color-convert-2.0.1.tgz 6838ms (cache miss)
2622 http fetch GET 200 https://registry.npmjs.org/@typescript-eslint/visitor-keys/-/visitor-keys-8.59.4.tgz 7045ms (cache miss)
2623 http fetch GET 200 https://registry.npmjs.org/path-exists/-/path-exists-4.0.0.tgz 7031ms (cache miss)
2624 http fetch GET 200 https://registry.npmjs.org/resolve-from/-/resolve-from-4.0.0.tgz 7036ms (cache miss)
2625 http fetch GET 200 https://registry.npmjs.org/optionator/-/optionator-0.9.4.tgz 7022ms (cache miss)
2626 http fetch GET 200 https://registry.npmjs.org/which/-/which-2.0.2.tgz 7031ms (cache miss)
2627 http fetch GET 200 https://registry.npmjs.org/@eslint/object-schema/-/object-schema-2.1.7.tgz 7024ms (cache miss)
2628 http fetch GET 200 https://registry.npmjs.org/natural-compare/-/natural-compare-1.4.0.tgz 7028ms (cache miss)
2629 http fetch GET 200 https://registry.npmjs.org/json-stable-stringify-without-jsonify/-/json-stable-stringify-without-jsonify-1.0.1.tgz 7027ms (cache miss)
2630 http fetch GET 200 https://registry.npmjs.org/braces/-/braces-3.0.3.tgz 7100ms (cache miss)
2631 http fetch GET 200 https://registry.npmjs.org/@rollup/pluginutils/-/pluginutils-4.2.1.tgz 7081ms (cache miss)
2632 http fetch GET 200 https://registry.npmjs.org/esbuild/-/esbuild-0.27.7.tgz 7108ms (cache miss)
2633 http fetch GET 200 https://registry.npmjs.org/shebang-command/-/shebang-command-2.0.0.tgz 7262ms (cache miss)
2634 http fetch GET 200 https://registry.npmjs.org/ansi-styles/-/ansi-styles-4.3.0.tgz 7278ms (cache miss)
2635 http fetch GET 200 https://registry.npmjs.org/supports-color/-/supports-color-7.2.0.tgz 7280ms (cache miss)
2636 http fetch GET 200 https://registry.npmjs.org/color-name/-/color-name-1.1.4.tgz 7289ms (cache miss)
2637 http fetch GET 200 https://registry.npmjs.org/levn/-/levn-0.4.1.tgz 7313ms (cache miss)
2638 http fetch GET 200 https://registry.npmjs.org/@humanfs/types/-/types-0.15.0.tgz 7315ms (cache miss)
2639 http fetch GET 200 https://registry.npmjs.org/esutils/-/esutils-2.0.3.tgz 7307ms (cache miss)
2640 http fetch GET 200 https://registry.npmjs.org/strip-json-comments/-/strip-json-comments-3.1.1.tgz 7317ms (cache miss)
2641 http fetch GET 200 https://registry.npmjs.org/glob-parent/-/glob-parent-6.0.2.tgz 7313ms (cache miss)
2642 http fetch GET 200 https://registry.npmjs.org/chalk/-/chalk-4.1.2.tgz 7309ms (cache miss)
2643 http fetch GET 200 https://registry.npmjs.org/ejs/-/ejs-3.1.10.tgz 7375ms (cache miss)
2644 http fetch GET 200 https://registry.npmjs.org/json-schema-traverse/-/json-schema-traverse-0.4.1.tgz 7468ms (cache miss)
2645 http fetch GET 200 https://registry.npmjs.org/lodash.merge/-/lodash.merge-4.6.2.tgz 7464ms (cache miss)
2646 http fetch GET 200 https://registry.npmjs.org/imurmurhash/-/imurmurhash-0.1.4.tgz 7465ms (cache miss)
2647 http fetch GET 200 https://registry.npmjs.org/cross-spawn/-/cross-spawn-7.0.6.tgz 7462ms (cache miss)
2648 http fetch GET 200 https://registry.npmjs.org/@humanwhocodes/module-importer/-/module-importer-1.0.1.tgz 7462ms (cache miss)
2649 http fetch GET 200 https://registry.npmjs.org/file-entry-cache/-/file-entry-cache-8.0.0.tgz 7468ms (cache miss)
2650 http fetch GET 200 https://registry.npmjs.org/@humanfs/node/-/node-0.16.8.tgz 7465ms (cache miss)
2651 http fetch GET 200 https://registry.npmjs.org/update-browserslist-db/-/update-browserslist-db-1.2.3.tgz 7464ms (cache miss)
2652 http fetch GET 200 https://registry.npmjs.org/@eslint/config-helpers/-/config-helpers-0.4.2.tgz 7466ms (cache miss)
2653 http fetch GET 200 https://registry.npmjs.org/globals/-/globals-14.0.0.tgz 7632ms (cache miss)
2654 http fetch GET 200 https://registry.npmjs.org/find-up/-/find-up-5.0.0.tgz 7627ms (cache miss)
2655 http fetch GET 200 https://registry.npmjs.org/escape-string-regexp/-/escape-string-regexp-4.0.0.tgz 7624ms (cache miss)
2656 http fetch GET 200 https://registry.npmjs.org/is-glob/-/is-glob-4.0.3.tgz 7629ms (cache miss)
2657 http fetch GET 200 https://registry.npmjs.org/ms/-/ms-2.1.3.tgz 7617ms (cache miss)
2658 http fetch GET 200 https://registry.npmjs.org/node-releases/-/node-releases-2.0.46.tgz 7619ms (cache miss)
2659 http fetch GET 200 https://registry.npmjs.org/@babel/helper-globals/-/helper-globals-7.28.0.tgz 7617ms (cache miss)
2660 http fetch GET 200 https://registry.npmjs.org/lru-cache/-/lru-cache-5.1.1.tgz 7614ms (cache miss)
2661 http fetch GET 200 https://registry.npmjs.org/minimatch/-/minimatch-3.1.5.tgz 7749ms (cache miss)
2662 http fetch GET 200 https://registry.npmjs.org/ignore/-/ignore-5.3.2.tgz 7750ms (cache miss)
2663 http fetch GET 200 https://registry.npmjs.org/@types/babel__traverse/-/babel__traverse-7.28.0.tgz 7748ms (cache miss)
2664 http fetch GET 200 https://registry.npmjs.org/@babel/compat-data/-/compat-data-7.29.3.tgz 7744ms (cache miss)
2665 http fetch GET 200 https://registry.npmjs.org/js-tokens/-/js-tokens-4.0.0.tgz 7744ms (cache miss)
2666 http fetch GET 200 https://registry.npmjs.org/@babel/helper-plugin-utils/-/helper-plugin-utils-7.28.6.tgz 7770ms (cache miss)
2667 http fetch GET 200 https://registry.npmjs.org/debug/-/debug-4.4.3.tgz 7769ms (cache miss)
2668 http fetch GET 200 https://registry.npmjs.org/picocolors/-/picocolors-1.1.1.tgz 7775ms (cache miss)
2669 http fetch GET 200 https://registry.npmjs.org/dotenv/-/dotenv-16.6.1.tgz 7873ms (cache miss)
2670 http fetch GET 200 https://registry.npmjs.org/@types/babel__template/-/babel__template-7.4.4.tgz 7866ms (cache miss)
2671 http fetch GET 200 https://registry.npmjs.org/@types/babel__generator/-/babel__generator-7.27.0.tgz 7911ms (cache miss)
2672 http fetch GET 200 https://registry.npmjs.org/convert-source-map/-/convert-source-map-2.0.0.tgz 7942ms (cache miss)
2673 http fetch GET 200 https://registry.npmjs.org/react-refresh/-/react-refresh-0.17.0.tgz 7939ms (cache miss)
2674 http fetch GET 200 https://registry.npmjs.org/@babel/plugin-transform-react-jsx-self/-/plugin-transform-react-jsx-self-7.27.1.tgz 7942ms (cache miss)
2675 http fetch GET 200 https://registry.npmjs.org/semver/-/semver-6.3.1.tgz 7952ms (cache miss)
2676 http fetch GET 200 https://registry.npmjs.org/@rolldown/pluginutils/-/pluginutils-1.0.0-beta.27.tgz 7945ms (cache miss)
2677 http fetch GET 200 https://registry.npmjs.org/jsesc/-/jsesc-3.1.0.tgz 7969ms (cache miss)
2678 http fetch GET 200 https://registry.npmjs.org/argparse/-/argparse-2.0.1.tgz 8104ms (cache miss)
2679 http fetch GET 200 https://registry.npmjs.org/@types/babel__core/-/babel__core-7.20.5.tgz 8115ms (cache miss)
2680 http fetch GET 200 https://registry.npmjs.org/vite-plugin-html/-/vite-plugin-html-3.2.2.tgz 8107ms (cache miss)
2681 http fetch GET 200 https://registry.npmjs.org/typescript-eslint/-/typescript-eslint-8.59.4.tgz 8107ms (cache miss)
2682 http fetch GET 200 https://registry.npmjs.org/gensync/-/gensync-1.0.0-beta.2.tgz 8139ms (cache miss)
2683 http fetch GET 200 https://registry.npmjs.org/@types/estree/-/estree-1.0.9.tgz 8124ms (cache miss)
2684 http fetch GET 200 https://registry.npmjs.org/vite-plugin-svgr/-/vite-plugin-svgr-4.5.0.tgz 8128ms (cache miss)
2685 http fetch GET 200 https://registry.npmjs.org/micromatch/-/micromatch-4.0.8.tgz 8360ms (cache miss)
2686 http fetch GET 200 https://registry.npmjs.org/prelude-ls/-/prelude-ls-1.2.1.tgz 8337ms (cache miss)
2687 http fetch GET 200 https://registry.npmjs.org/fast-deep-equal/-/fast-deep-equal-3.1.3.tgz 8316ms (cache miss)
2688 http fetch GET 200 https://registry.npmjs.org/@babel/helper-string-parser/-/helper-string-parser-7.27.1.tgz 8304ms (cache miss)
2689 http fetch GET 200 https://registry.npmjs.org/eslint-plugin-react-refresh/-/eslint-plugin-react-refresh-0.4.26.tgz 8296ms (cache miss)
2690 http fetch GET 200 https://registry.npmjs.org/@babel/plugin-transform-react-jsx-source/-/plugin-transform-react-jsx-source-7.27.1.tgz 8320ms (cache miss)
2691 http fetch GET 200 https://registry.npmjs.org/@types/react-dom/-/react-dom-19.2.3.tgz 8352ms (cache miss)
2692 http fetch GET 200 https://registry.npmjs.org/snake-case/-/snake-case-3.0.4.tgz 8533ms (cache miss)
2693 http fetch GET 200 https://registry.npmjs.org/browserslist/-/browserslist-4.28.2.tgz 8486ms (cache miss)
2694 http fetch GET 200 https://registry.npmjs.org/@types/json-schema/-/json-schema-7.0.15.tgz 8477ms (cache miss)
2695 http fetch GET 200 https://registry.npmjs.org/@babel/code-frame/-/code-frame-7.29.0.tgz 8487ms (cache miss)
2696 http fetch GET 200 https://registry.npmjs.org/commander/-/commander-2.20.3.tgz 8472ms (cache miss)
2697 http fetch GET 200 https://registry.npmjs.org/balanced-match/-/balanced-match-4.0.4.tgz 8471ms (cache miss)
2698 http fetch GET 200 https://registry.npmjs.org/minimatch/-/minimatch-5.1.9.tgz 8473ms (cache miss)
2699 http fetch GET 200 https://registry.npmjs.org/eslint-visitor-keys/-/eslint-visitor-keys-5.0.1.tgz 8472ms (cache miss)
2700 http fetch GET 200 https://registry.npmjs.org/lower-case/-/lower-case-2.0.2.tgz 8599ms (cache miss)
2701 http fetch GET 200 https://registry.npmjs.org/glob-parent/-/glob-parent-5.1.2.tgz 8526ms (cache miss)
2702 http fetch GET 200 https://registry.npmjs.org/brace-expansion/-/brace-expansion-2.1.0.tgz 8578ms (cache miss)
2703 http fetch GET 200 https://registry.npmjs.org/ignore/-/ignore-7.0.5.tgz 8593ms (cache miss)
2704 http fetch GET 200 https://registry.npmjs.org/@svgr/hast-util-to-babel-ast/-/hast-util-to-babel-ast-8.0.0.tgz 8838ms (cache miss)
2705 http fetch GET 200 https://registry.npmjs.org/domhandler/-/domhandler-4.3.1.tgz 8825ms (cache miss)
2706 http fetch GET 200 https://registry.npmjs.org/@types/estree/-/estree-1.0.8.tgz 8717ms (cache miss)
2707 http fetch GET 200 https://registry.npmjs.org/brace-expansion/-/brace-expansion-5.0.6.tgz 8716ms (cache miss)
2708 http fetch GET 200 https://registry.npmjs.org/@eslint/js/-/js-9.39.4.tgz 8723ms (cache miss)
2709 http fetch GET 200 https://registry.npmjs.org/@rollup/pluginutils/-/pluginutils-5.3.0.tgz 8831ms (cache miss)
2710 http fetch GET 200 https://registry.npmjs.org/no-case/-/no-case-3.0.4.tgz 9007ms (cache miss)
2711 http fetch GET 200 https://registry.npmjs.org/eslint-visitor-keys/-/eslint-visitor-keys-3.4.3.tgz 9088ms (cache miss)
2712 http fetch GET 200 https://registry.npmjs.org/eslint-visitor-keys/-/eslint-visitor-keys-4.2.1.tgz 9208ms (cache miss)
2713 http fetch GET 200 https://registry.npmjs.org/@babel/helper-validator-option/-/helper-validator-option-7.27.1.tgz 9199ms (cache miss)
2714 http fetch GET 200 https://registry.npmjs.org/flatted/-/flatted-3.4.2.tgz 9421ms (cache miss)
2715 http fetch GET 200 https://registry.npmjs.org/espree/-/espree-10.4.0.tgz 9407ms (cache miss)
2716 http fetch GET 200 https://registry.npmjs.org/@humanwhocodes/retry/-/retry-0.4.3.tgz 9518ms (cache miss)
2717 http fetch GET 200 https://registry.npmjs.org/@babel/helper-validator-identifier/-/helper-validator-identifier-7.28.5.tgz 9502ms (cache miss)
2718 http fetch GET 200 https://registry.npmjs.org/@jridgewell/resolve-uri/-/resolve-uri-3.1.2.tgz 9510ms (cache miss)
2719 http fetch GET 200 https://registry.npmjs.org/@vitejs/plugin-react/-/plugin-react-4.7.0.tgz 9726ms (cache miss)
2720 http fetch GET 200 https://registry.npmjs.org/camel-case/-/camel-case-4.1.2.tgz 9908ms (cache miss)
2721 http fetch GET 200 https://registry.npmjs.org/picomatch/-/picomatch-4.0.4.tgz 9884ms (cache miss)
2722 http fetch GET 200 https://registry.npmjs.org/electron-to-chromium/-/electron-to-chromium-1.5.361.tgz 9852ms (cache miss)
2723 http fetch GET 200 https://registry.npmjs.org/pascal-case/-/pascal-case-3.1.2.tgz 10045ms (cache miss)
2724 http fetch GET 200 https://registry.npmjs.org/@eslint/core/-/core-0.17.0.tgz 9980ms (cache miss)
2725 http fetch GET 200 https://registry.npmjs.org/@humanfs/core/-/core-0.19.2.tgz 10144ms (cache miss)
2726 http fetch GET 200 https://registry.npmjs.org/picomatch/-/picomatch-2.3.2.tgz 10286ms (cache miss)
2727 http fetch GET 200 https://registry.npmjs.org/@babel/helper-module-imports/-/helper-module-imports-7.28.6.tgz 10498ms (cache miss)
2728 http fetch GET 200 https://registry.npmjs.org/picomatch/-/picomatch-2.3.2.tgz 10469ms (cache miss)
2729 http fetch GET 200 https://registry.npmjs.org/html-minifier-terser/-/html-minifier-terser-6.1.0.tgz 10649ms (cache miss)
2730 http fetch GET 200 https://registry.npmjs.org/fast-json-stable-stringify/-/fast-json-stable-stringify-2.1.0.tgz 10610ms (cache miss)
2731 http fetch GET 200 https://registry.npmjs.org/baseline-browser-mapping/-/baseline-browser-mapping-2.10.32.tgz 10590ms (cache miss)
2732 http fetch GET 200 https://registry.npmjs.org/tslib/-/tslib-2.8.1.tgz 10761ms (cache miss)
2733 http fetch GET 200 https://registry.npmjs.org/estree-walker/-/estree-walker-2.0.2.tgz 10884ms (cache miss)
2734 http fetch GET 200 https://registry.npmjs.org/@typescript-eslint/types/-/types-8.59.4.tgz 11018ms (cache miss)
2735 http fetch GET 200 https://registry.npmjs.org/eslint-plugin-react-hooks/-/eslint-plugin-react-hooks-5.2.0.tgz 11076ms (cache miss)
2736 http fetch GET 200 https://registry.npmjs.org/ts-api-utils/-/ts-api-utils-2.5.0.tgz 11353ms (cache miss)
2737 http fetch GET 200 https://registry.npmjs.org/@eslint-community/regexpp/-/regexpp-4.12.2.tgz 11487ms (cache miss)
2738 http fetch GET 200 https://registry.npmjs.org/@eslint/plugin-kit/-/plugin-kit-0.4.1.tgz 11494ms (cache miss)
2739 http fetch GET 200 https://registry.npmjs.org/commander/-/commander-8.3.0.tgz 11734ms (cache miss)
2740 http fetch GET 200 https://registry.npmjs.org/@eslint-community/eslint-utils/-/eslint-utils-4.9.1.tgz 11669ms (cache miss)
2741 http fetch GET 200 https://registry.npmjs.org/entities/-/entities-2.2.0.tgz 11751ms (cache miss)
2742 http fetch GET 200 https://registry.npmjs.org/eslint-scope/-/eslint-scope-8.4.0.tgz 11844ms (cache miss)
2743 http fetch GET 200 https://registry.npmjs.org/node-addon-api/-/node-addon-api-7.1.1.tgz 12022ms (cache miss)
2744 http fetch GET 200 https://registry.npmjs.org/nanoid/-/nanoid-3.3.12.tgz 12108ms (cache miss)
2745 http fetch GET 200 https://registry.npmjs.org/@babel/helper-compilation-targets/-/helper-compilation-targets-7.28.6.tgz 12224ms (cache miss)
2746 http fetch GET 200 https://registry.npmjs.org/@types/eslint/-/eslint-8.56.12.tgz 12225ms (cache miss)
2747 http fetch GET 200 https://registry.npmjs.org/source-map-js/-/source-map-js-1.2.1.tgz 12456ms (cache miss)
2748 http fetch GET 200 https://registry.npmjs.org/undici-types/-/undici-types-7.16.0.tgz 12556ms (cache miss)
2749 http fetch GET 200 https://registry.npmjs.org/acorn/-/acorn-8.16.0.tgz 12793ms (cache miss)
2750 http fetch GET 200 https://registry.npmjs.org/@babel/helper-module-transforms/-/helper-module-transforms-7.28.6.tgz 13050ms (cache miss)
2751 http fetch GET 200 https://registry.npmjs.org/@babel/template/-/template-7.28.6.tgz 13052ms (cache miss)
2752 http fetch GET 200 https://registry.npmjs.org/@types/react/-/react-19.2.15.tgz 13083ms (cache miss)
2753 http fetch GET 200 https://registry.npmjs.org/@parcel/watcher-linux-x64-glibc/-/watcher-linux-x64-glibc-2.5.6.tgz 13420ms (cache miss)
2754 http fetch GET 200 https://registry.npmjs.org/domutils/-/domutils-2.8.0.tgz 13876ms (cache miss)
2755 http fetch GET 200 https://registry.npmjs.org/relateurl/-/relateurl-0.2.7.tgz 13870ms (cache miss)
2756 http fetch GET 200 https://registry.npmjs.org/cosmiconfig/-/cosmiconfig-8.3.6.tgz 14075ms (cache miss)
2757 http fetch GET 200 https://registry.npmjs.org/immutable/-/immutable-5.1.5.tgz 14030ms (cache miss)
2758 http fetch GET 200 https://registry.npmjs.org/json5/-/json5-2.2.3.tgz 14005ms (cache miss)
2759 http fetch GET 200 https://registry.npmjs.org/@nodelib/fs.scandir/-/fs.scandir-2.1.5.tgz 14276ms (cache miss)
2760 http fetch GET 200 https://registry.npmjs.org/@jridgewell/sourcemap-codec/-/sourcemap-codec-1.5.5.tgz 14430ms (cache miss)
2761 http fetch GET 200 https://registry.npmjs.org/react/-/react-19.2.6.tgz 14523ms (cache miss)
2762 http fetch GET 200 https://registry.npmjs.org/@eslint/config-array/-/config-array-0.21.2.tgz 14878ms (cache miss)
2763 http fetch GET 200 https://registry.npmjs.org/csstype/-/csstype-3.2.3.tgz 14940ms (cache miss)
2764 http fetch GET 200 https://registry.npmjs.org/@jridgewell/remapping/-/remapping-2.3.5.tgz 15610ms (cache miss)
2765 http fetch GET 200 https://registry.npmjs.org/source-map/-/source-map-0.6.1.tgz 15819ms (cache miss)
2766 http fetch GET 200 https://registry.npmjs.org/@jridgewell/gen-mapping/-/gen-mapping-0.3.13.tgz 16118ms (cache miss)
2767 http fetch GET 200 https://registry.npmjs.org/esquery/-/esquery-1.7.0.tgz 16300ms (cache miss)
2768 http fetch GET 200 https://registry.npmjs.org/node-html-parser/-/node-html-parser-5.4.2.tgz 16354ms (cache miss)
2769 http fetch GET 200 https://registry.npmjs.org/css-what/-/css-what-6.2.2.tgz 17098ms (cache miss)
2770 http fetch GET 200 https://registry.npmjs.org/consola/-/consola-2.15.3.tgz 17171ms (cache miss)
2771 http fetch GET 200 https://registry.npmjs.org/css-select/-/css-select-4.3.0.tgz 18048ms (cache miss)
2772 http fetch GET 200 https://registry.npmjs.org/js-yaml/-/js-yaml-4.1.1.tgz 18271ms (cache miss)
2773 http fetch GET 200 https://registry.npmjs.org/fs-extra/-/fs-extra-10.1.0.tgz 18523ms (cache miss)
2774 http fetch GET 200 https://registry.npmjs.org/@typescript-eslint/type-utils/-/type-utils-8.59.4.tgz 18863ms (cache miss)
2775 http fetch GET 200 https://registry.npmjs.org/@babel/parser/-/parser-7.29.3.tgz 18828ms (cache miss)
2776 http fetch GET 200 https://registry.npmjs.org/semver/-/semver-7.8.1.tgz 18804ms (cache miss)
2777 http fetch GET 200 https://registry.npmjs.org/@parcel/watcher/-/watcher-2.5.6.tgz 19134ms (cache miss)
2778 http fetch GET 200 https://registry.npmjs.org/@jridgewell/trace-mapping/-/trace-mapping-0.3.31.tgz 19183ms (cache miss)
2779 http fetch GET 200 https://registry.npmjs.org/@eslint/eslintrc/-/eslintrc-3.3.5.tgz 19231ms (cache miss)
2780 http fetch GET 200 https://registry.npmjs.org/@rollup/rollup-linux-x64-gnu/-/rollup-linux-x64-gnu-4.60.4.tgz 19904ms (cache miss)
2781 http fetch GET 200 https://registry.npmjs.org/postcss/-/postcss-8.5.15.tgz 20668ms (cache miss)
2782 http fetch GET 200 https://registry.npmjs.org/jake/-/jake-10.9.4.tgz 20965ms (cache miss)
2783 http fetch GET 200 https://registry.npmjs.org/@babel/generator/-/generator-7.29.1.tgz 22494ms (cache miss)
2784 http fetch GET 200 https://registry.npmjs.org/async/-/async-3.2.6.tgz 22622ms (cache miss)
2785 http fetch GET 200 https://registry.npmjs.org/fast-glob/-/fast-glob-3.3.3.tgz 23336ms (cache miss)
2786 http fetch GET 200 https://registry.npmjs.org/uri-js/-/uri-js-4.4.1.tgz 23576ms (cache miss)
2787 http fetch GET 200 https://registry.npmjs.org/minimatch/-/minimatch-10.2.5.tgz 23776ms (cache miss)
2788 http fetch GET 200 https://registry.npmjs.org/terser/-/terser-5.48.0.tgz 24008ms (cache miss)
2789 http fetch GET 200 https://registry.npmjs.org/rollup/-/rollup-4.60.4.tgz 24052ms (cache miss)
2790 http fetch GET 200 https://registry.npmjs.org/@types/node/-/node-24.12.4.tgz 24266ms (cache miss)
2791 http fetch GET 200 https://registry.npmjs.org/vite/-/vite-7.3.3.tgz 24547ms (cache miss)
2792 http fetch GET 200 https://registry.npmjs.org/entities/-/entities-4.5.0.tgz 24780ms (cache miss)
2793 http fetch GET 200 https://registry.npmjs.org/@typescript-eslint/typescript-estree/-/typescript-estree-8.59.4.tgz 25276ms (cache miss)
2794 http fetch GET 200 https://registry.npmjs.org/@babel/traverse/-/traverse-7.29.0.tgz 25248ms (cache miss)
2795 http fetch GET 200 https://registry.npmjs.org/@typescript-eslint/utils/-/utils-8.59.4.tgz 25958ms (cache miss)
2796 http fetch GET 200 https://registry.npmjs.org/ajv/-/ajv-6.15.0.tgz 26863ms (cache miss)
2797 http fetch GET 200 https://registry.npmjs.org/sass/-/sass-1.100.0.tgz 27476ms (cache miss)
2798 http fetch GET 200 https://registry.npmjs.org/react-dom/-/react-dom-19.2.6.tgz 28370ms (cache miss)
2799 http fetch GET 200 https://registry.npmjs.org/@babel/core/-/core-7.29.0.tgz 30044ms (cache miss)
2800 http fetch GET 200 https://registry.npmjs.org/prettier/-/prettier-3.8.3.tgz 30461ms (cache miss)
2801 http fetch GET 200 https://registry.npmjs.org/clean-css/-/clean-css-5.3.3.tgz 31175ms (cache miss)
2802 http fetch GET 200 https://registry.npmjs.org/@esbuild/linux-x64/-/linux-x64-0.27.7.tgz 31432ms (cache miss)
2803 http fetch GET 200 https://registry.npmjs.org/@babel/types/-/types-7.29.0.tgz 32936ms (cache miss)
2804 http fetch GET 200 https://registry.npmjs.org/@babel/helpers/-/helpers-7.29.2.tgz 34111ms (cache miss)
2805 http fetch GET 200 https://registry.npmjs.org/@typescript-eslint/scope-manager/-/scope-manager-8.59.4.tgz 36284ms (cache miss)
2806 http fetch GET 200 https://registry.npmjs.org/dayjs/-/dayjs-1.11.20.tgz 36982ms (cache miss)
2807 http fetch GET 200 https://registry.npmjs.org/eslint/-/eslint-9.39.4.tgz 38605ms (cache miss)
2808 http fetch GET 200 https://registry.npmjs.org/@typescript-eslint/eslint-plugin/-/eslint-plugin-8.59.4.tgz 38875ms (cache miss)
2809 http fetch GET 200 https://registry.npmjs.org/caniuse-lite/-/caniuse-lite-1.0.30001793.tgz 41255ms (cache miss)
2810 http fetch GET 200 https://registry.npmjs.org/typescript/-/typescript-4.9.5.tgz 41352ms (cache miss)
2811 info run @parcel/watcher@2.5.6 install node_modules/@parcel/watcher node scripts/build-from-source.js
2812 info run @parcel/watcher@2.5.6 install { code: 0, signal: null }
2813 info run esbuild@0.27.7 postinstall node_modules/esbuild node install.js
2814 info run esbuild@0.27.7 postinstall { code: 0, signal: null }
2815 silly ADD node_modules/isexe
2816 silly ADD node_modules/is-arrayish
2817 silly ADD node_modules/lines-and-columns
2818 silly ADD node_modules/json-parse-even-better-errors
2819 silly ADD node_modules/error-ex
2820 silly ADD node_modules/path-type
2821 silly ADD node_modules/parse-json
2822 silly ADD node_modules/svg-parser
2823 silly ADD node_modules/@svgr/hast-util-to-babel-ast
2824 silly ADD node_modules/@svgr/hast-util-to-babel-ast/node_modules/entities
2825 silly ADD node_modules/@svgr/babel-plugin-transform-svg-component
2826 silly ADD node_modules/@svgr/babel-plugin-transform-react-native-svg
2827 silly ADD node_modules/@svgr/babel-plugin-svg-em-dimensions
2828 silly ADD node_modules/@svgr/babel-plugin-svg-dynamic-title
2829 silly ADD node_modules/@svgr/babel-plugin-replace-jsx-attribute-value
2830 silly ADD node_modules/@svgr/babel-plugin-remove-jsx-empty-expression
2831 silly ADD node_modules/@svgr/babel-plugin-remove-jsx-attribute
2832 silly ADD node_modules/@svgr/babel-plugin-add-jsx-attribute
2833 silly ADD node_modules/snake-case
2834 silly ADD node_modules/cosmiconfig
2835 silly ADD node_modules/camelcase
2836 silly ADD node_modules/@svgr/babel-preset
2837 silly ADD node_modules/@svgr/plugin-jsx
2838 silly ADD node_modules/@svgr/core
2839 silly ADD node_modules/is-number
2840 silly ADD node_modules/buffer-from
2841 silly ADD node_modules/source-map-support
2842 silly ADD node_modules/@jridgewell/source-map
2843 silly ADD node_modules/queue-microtask
2844 silly ADD node_modules/lower-case
2845 silly ADD node_modules/no-case
2846 silly ADD node_modules/dot-case
2847 silly ADD node_modules/entities
2848 silly ADD node_modules/dom-serializer
2849 silly ADD node_modules/domelementtype
2850 silly ADD node_modules/nth-check
2851 silly ADD node_modules/domutils
2852 silly ADD node_modules/domhandler
2853 silly ADD node_modules/css-what
2854 silly ADD node_modules/boolbase
2855 silly ADD node_modules/css-select
2856 silly ADD node_modules/to-regex-range
2857 silly ADD node_modules/fill-range
2858 silly ADD node_modules/braces
2859 silly ADD node_modules/filelist
2860 silly ADD node_modules/filelist/node_modules/brace-expansion
2861 silly ADD node_modules/filelist/node_modules/minimatch
2862 silly ADD node_modules/async
2863 silly ADD node_modules/source-map
2864 silly ADD node_modules/tslib
2865 silly ADD node_modules/pascal-case
2866 silly ADD node_modules/terser
2867 silly ADD node_modules/terser/node_modules/commander
2868 silly ADD node_modules/relateurl
2869 silly ADD node_modules/param-case
2870 silly ADD node_modules/he
2871 silly ADD node_modules/commander
2872 silly ADD node_modules/clean-css
2873 silly ADD node_modules/camel-case
2874 silly ADD node_modules/universalify
2875 silly ADD node_modules/jsonfile
2876 silly ADD node_modules/graceful-fs
2877 silly ADD node_modules/reusify
2878 silly ADD node_modules/run-parallel
2879 silly ADD node_modules/fastq
2880 silly ADD node_modules/@nodelib/fs.scandir
2881 silly ADD node_modules/micromatch
2882 silly ADD node_modules/micromatch/node_modules/picomatch
2883 silly ADD node_modules/merge2
2884 silly ADD node_modules/@nodelib/fs.walk
2885 silly ADD node_modules/@nodelib/fs.stat
2886 silly ADD node_modules/jake
2887 silly ADD node_modules/estree-walker
2888 silly ADD node_modules/pathe
2889 silly ADD node_modules/node-html-parser
2890 silly ADD node_modules/html-minifier-terser
2891 silly ADD node_modules/fs-extra
2892 silly ADD node_modules/fast-glob
2893 silly ADD node_modules/fast-glob/node_modules/glob-parent
2894 silly ADD node_modules/ejs
2895 silly ADD node_modules/dotenv-expand
2896 silly ADD node_modules/dotenv
2897 silly ADD node_modules/consola
2898 silly ADD node_modules/connect-history-api-fallback
2899 silly ADD node_modules/colorette
2900 silly ADD node_modules/@rollup/pluginutils
2901 silly ADD node_modules/@rollup/pluginutils/node_modules/picomatch
2902 silly ADD
2903 silly ADD
2904 silly ADD
2905 silly ADD
2906 silly ADD
2907 silly ADD
2908 silly ADD
2909 silly ADD node_modules/@rollup/rollup-linux-x64-gnu
2910 silly ADD
2911 silly ADD
2912 silly ADD
2913 silly ADD
2914 silly ADD
2915 silly ADD
2916 silly ADD
2917 silly ADD
2918 silly ADD
2919 silly ADD
2920 silly ADD
2921 silly ADD
2922 silly ADD
2923 silly ADD
2924 silly ADD
2925 silly ADD
2926 silly ADD
2927 silly ADD node_modules/nanoid
2928 silly ADD
2929 silly ADD
2930 silly ADD
2931 silly ADD
2932 silly ADD
2933 silly ADD
2934 silly ADD
2935 silly ADD
2936 silly ADD
2937 silly ADD node_modules/@esbuild/linux-x64
2938 silly ADD
2939 silly ADD
2940 silly ADD
2941 silly ADD
2942 silly ADD
2943 silly ADD
2944 silly ADD
2945 silly ADD
2946 silly ADD
2947 silly ADD
2948 silly ADD
2949 silly ADD
2950 silly ADD
2951 silly ADD
2952 silly ADD
2953 silly ADD
2954 silly ADD node_modules/rollup
2955 silly ADD node_modules/rollup/node_modules/@types/estree
2956 silly ADD node_modules/postcss
2957 silly ADD
2958 silly ADD node_modules/esbuild
2959 silly ADD node_modules/punycode
2960 silly ADD node_modules/escalade
2961 silly ADD node_modules/fdir
2962 silly ADD node_modules/tinyglobby
2963 silly ADD node_modules/@typescript-eslint/tsconfig-utils
2964 silly ADD node_modules/@typescript-eslint/project-service
2965 silly ADD node_modules/@typescript-eslint/types
2966 silly ADD node_modules/ts-api-utils
2967 silly ADD node_modules/@typescript-eslint/visitor-keys
2968 silly ADD node_modules/@typescript-eslint/visitor-keys/node_modules/eslint-visitor-keys
2969 silly ADD node_modules/@typescript-eslint/type-utils
2970 silly ADD node_modules/@typescript-eslint/scope-manager
2971 silly ADD node_modules/@typescript-eslint/utils
2972 silly ADD node_modules/@typescript-eslint/typescript-estree
2973 silly ADD node_modules/@typescript-eslint/typescript-estree/node_modules/balanced-match
2974 silly ADD node_modules/@typescript-eslint/typescript-estree/node_modules/brace-expansion
2975 silly ADD node_modules/@typescript-eslint/typescript-estree/node_modules/semver
2976 silly ADD node_modules/@typescript-eslint/typescript-estree/node_modules/minimatch
2977 silly ADD node_modules/@typescript-eslint/parser
2978 silly ADD node_modules/@typescript-eslint/eslint-plugin
2979 silly ADD node_modules/@typescript-eslint/eslint-plugin/node_modules/ignore
2980 silly ADD node_modules/has-flag
2981 silly ADD node_modules/shebang-regex
2982 silly ADD node_modules/readdirp
2983 silly ADD node_modules/picomatch
2984 silly ADD node_modules/node-addon-api
2985 silly ADD node_modules/detect-libc
2986 silly ADD
2987 silly ADD
2988 silly ADD
2989 silly ADD
2990 silly ADD node_modules/@parcel/watcher-linux-x64-glibc
2991 silly ADD
2992 silly ADD
2993 silly ADD
2994 silly ADD
2995 silly ADD
2996 silly ADD
2997 silly ADD
2998 silly ADD
2999 silly ADD node_modules/source-map-js
3000 silly ADD node_modules/immutable
3001 silly ADD node_modules/chokidar
3002 silly ADD node_modules/@parcel/watcher
3003 silly ADD node_modules/scheduler
3004 silly ADD node_modules/callsites
3005 silly ADD node_modules/yocto-queue
3006 silly ADD node_modules/p-limit
3007 silly ADD node_modules/word-wrap
3008 silly ADD node_modules/fast-levenshtein
3009 silly ADD node_modules/deep-is
3010 silly ADD node_modules/concat-map
3011 silly ADD node_modules/balanced-match
3012 silly ADD node_modules/brace-expansion
3013 silly ADD node_modules/yallist
3014 silly ADD node_modules/p-locate
3015 silly ADD node_modules/type-check
3016 silly ADD node_modules/prelude-ls
3017 silly ADD node_modules/json-buffer
3018 silly ADD node_modules/argparse
3019 silly ADD node_modules/is-extglob
3020 silly ADD node_modules/resolve-from
3021 silly ADD node_modules/parent-module
3022 silly ADD node_modules/keyv
3023 silly ADD node_modules/flatted
3024 silly ADD node_modules/path-exists
3025 silly ADD node_modules/locate-path
3026 silly ADD node_modules/flat-cache
3027 silly ADD node_modules/acorn-jsx
3028 silly ADD node_modules/acorn
3029 silly ADD node_modules/estraverse
3030 silly ADD node_modules/esrecurse
3031 silly ADD node_modules/which
3032 silly ADD node_modules/shebang-command
3033 silly ADD node_modules/path-key
3034 silly ADD node_modules/color-name
3035 silly ADD node_modules/color-convert
3036 silly ADD node_modules/supports-color
3037 silly ADD node_modules/ansi-styles
3038 silly ADD node_modules/uri-js
3039 silly ADD node_modules/json-schema-traverse
3040 silly ADD node_modules/fast-json-stable-stringify
3041 silly ADD node_modules/@humanfs/types
3042 silly ADD node_modules/@humanfs/core
3043 silly ADD node_modules/levn
3044 silly ADD node_modules/strip-json-comments
3045 silly ADD node_modules/js-yaml
3046 silly ADD node_modules/import-fresh
3047 silly ADD node_modules/globals
3048 silly ADD node_modules/@eslint/object-schema
3049 silly ADD node_modules/optionator
3050 silly ADD node_modules/natural-compare
3051 silly ADD node_modules/minimatch
3052 silly ADD node_modules/lodash.merge
3053 silly ADD node_modules/json-stable-stringify-without-jsonify
3054 silly ADD node_modules/is-glob
3055 silly ADD node_modules/imurmurhash
3056 silly ADD node_modules/ignore
3057 silly ADD node_modules/glob-parent
3058 silly ADD node_modules/find-up
3059 silly ADD node_modules/file-entry-cache
3060 silly ADD node_modules/fast-deep-equal
3061 silly ADD node_modules/esutils
3062 silly ADD node_modules/esquery
3063 silly ADD node_modules/espree
3064 silly ADD node_modules/eslint-visitor-keys
3065 silly ADD node_modules/eslint-scope
3066 silly ADD node_modules/escape-string-regexp
3067 silly ADD node_modules/cross-spawn
3068 silly ADD node_modules/chalk
3069 silly ADD node_modules/ajv
3070 silly ADD node_modules/@humanwhocodes/retry
3071 silly ADD node_modules/@humanwhocodes/module-importer
3072 silly ADD node_modules/@humanfs/node
3073 silly ADD node_modules/@eslint/plugin-kit
3074 silly ADD node_modules/@eslint/eslintrc
3075 silly ADD node_modules/@eslint/core
3076 silly ADD node_modules/@eslint/config-helpers
3077 silly ADD node_modules/@eslint/config-array
3078 silly ADD node_modules/@eslint-community/regexpp
3079 silly ADD node_modules/@eslint-community/eslint-utils
3080 silly ADD node_modules/@eslint-community/eslint-utils/node_modules/eslint-visitor-keys
3081 silly ADD node_modules/ms
3082 silly ADD node_modules/update-browserslist-db
3083 silly ADD node_modules/node-releases
3084 silly ADD node_modules/electron-to-chromium
3085 silly ADD node_modules/caniuse-lite
3086 silly ADD node_modules/baseline-browser-mapping
3087 silly ADD node_modules/@types/babel__traverse
3088 silly ADD node_modules/@types/babel__template
3089 silly ADD node_modules/@types/babel__generator
3090 silly ADD node_modules/@jridgewell/resolve-uri
3091 silly ADD node_modules/@jridgewell/sourcemap-codec
3092 silly ADD node_modules/@babel/helper-string-parser
3093 silly ADD node_modules/@babel/helper-globals
3094 silly ADD node_modules/@babel/helper-plugin-utils
3095 silly ADD node_modules/@babel/helper-module-imports
3096 silly ADD node_modules/lru-cache
3097 silly ADD node_modules/browserslist
3098 silly ADD node_modules/@babel/helper-validator-option
3099 silly ADD node_modules/@babel/compat-data
3100 silly ADD node_modules/jsesc
3101 silly ADD node_modules/@jridgewell/trace-mapping
3102 silly ADD node_modules/@jridgewell/gen-mapping
3103 silly ADD node_modules/picocolors
3104 silly ADD node_modules/js-tokens
3105 silly ADD node_modules/@babel/helper-validator-identifier
3106 silly ADD node_modules/semver
3107 silly ADD node_modules/json5
3108 silly ADD node_modules/gensync
3109 silly ADD node_modules/debug
3110 silly ADD node_modules/convert-source-map
3111 silly ADD node_modules/@jridgewell/remapping
3112 silly ADD node_modules/@babel/types
3113 silly ADD node_modules/@babel/traverse
3114 silly ADD node_modules/@babel/template
3115 silly ADD node_modules/@babel/parser
3116 silly ADD node_modules/@babel/helpers
3117 silly ADD node_modules/@babel/helper-module-transforms
3118 silly ADD node_modules/@babel/helper-compilation-targets
3119 silly ADD node_modules/@babel/generator
3120 silly ADD node_modules/@babel/code-frame
3121 silly ADD node_modules/react-refresh
3122 silly ADD node_modules/@types/babel__core
3123 silly ADD node_modules/@rolldown/pluginutils
3124 silly ADD node_modules/@babel/plugin-transform-react-jsx-source
3125 silly ADD node_modules/@babel/plugin-transform-react-jsx-self
3126 silly ADD node_modules/@babel/core
3127 silly ADD node_modules/csstype
3128 silly ADD node_modules/undici-types
3129 silly ADD node_modules/@types/json-schema
3130 silly ADD node_modules/@types/estree
3131 silly ADD node_modules/vite-plugin-svgr
3132 silly ADD node_modules/vite-plugin-svgr/node_modules/@rollup/pluginutils
3133 silly ADD node_modules/vite-plugin-html
3134 silly ADD node_modules/typescript-eslint
3135 silly ADD node_modules/typescript
3136 silly ADD node_modules/sass
3137 silly ADD node_modules/react-dom
3138 silly ADD node_modules/react
3139 silly ADD node_modules/prettier
3140 silly ADD node_modules/eslint-plugin-react-refresh
3141 silly ADD node_modules/eslint-plugin-react-hooks
3142 silly ADD node_modules/eslint
3143 silly ADD node_modules/dayjs
3144 silly ADD node_modules/vite
3145 silly ADD node_modules/@vitejs/plugin-react
3146 silly ADD node_modules/@types/react-dom
3147 silly ADD node_modules/@types/react
3148 silly ADD node_modules/@types/node
3149 silly ADD node_modules/@types/eslint
3150 silly ADD node_modules/@eslint/js
3151 verbose cwd /home/psk0610
3152 verbose os Linux 4.4.0-19041-Microsoft
3153 verbose node v22.22.3
3154 verbose npm  v10.9.8
3155 verbose exit 0
3156 info ok
